
     Program PHONON v.7.4 starts on 14May2026 at 12:15:53 

     This program is part of the open-source Quantum ESPRESSO suite
     for quantum simulation of materials; please cite
         "P. Giannozzi et al., J. Phys.:Condens. Matter 21 395502 (2009);
         "P. Giannozzi et al., J. Phys.:Condens. Matter 29 465901 (2017);
         "P. Giannozzi et al., J. Chem. Phys. 152 154105 (2020);
          URL http://www.quantum-espresso.org", 
     in publications or presentations arising from this work. More details at
     http://www.quantum-espresso.org/quote

     Parallel version (MPI), running on    12 processors

     MPI processes distributed on     1 nodes
     163586 MiB available memory on the printing compute node when the environment starts
 
     Reading input from c.ph.in

     Reading xml data from directory:

     ./tmp/graphene.save/
 
     R & G space division:  proc/nbgrp/npool/nimage =      12
     Subspace diagonalization in iterative solution of the eigenvalue problem:
     a serial algorithm will be used

read_pp_mesh; mismatch in mesh size, discarding the one in header

     IMPORTANT: XC functional enforced from input :
     Exchange-correlation= PW
                           (   1   4   0   0   0   0   0)
     Any further DFT definition will be discarded
     Please, verify this is what you really want

 
     Parallelization info
     --------------------
     sticks:   dense  smooth     PW     G-vecs:    dense   smooth      PW
     Min          49      49     14                 7111     7111    1110
     Max          50      50     15                 7132     7132    1134
     Sum         595     595    169                85433    85433   13473
 
     Using Slab Decomposition
 
 ----2D----2D----2D----2D----2D----2D----2D----2D----2D----2D----2D----2D
  The code is running with the 2D cutoff
  Please refer to:
  Sohier, T., Calandra, M., & Mauri, F. (2017), 
  Density functional perturbation theory for gated two-dimensional heterostructu
 res:
  Theoretical developments and application to flexural phonons in graphene.
  Physical Review B, 96(7), 75448. https://doi.org/10.1103/PhysRevB.96.075448
 ----2D----2D----2D----2D----2D----2D----2D----2D----2D----2D----2D----2D

     Check: negative core charge=   -0.000011

     negative rho (up, down):  4.548E-05 0.000E+00
     Reading collected, re-writing distributed wavefunctions in ./tmp/


     Dynamical matrices for ( 7, 7, 1)  uniform grid of q-points
     (   8 q-points):
       N         xq(1)         xq(2)         xq(3) 
       1   0.000000000   0.000000000   0.000000000
       2   0.000000000   0.164957220   0.000000000
       3   0.000000000   0.329914440   0.000000000
       4   0.000000000   0.494871659   0.000000000
       5   0.142857143   0.247435830   0.000000000
       6   0.142857143   0.412393049   0.000000000
       7   0.142857143   0.577350269   0.000000000
       8   0.285714286   0.494871659   0.000000000

     Number and degeneracy of irreps per q-point
       N         xq(1)         xq(2)         xq(3)   N irreps
       1   0.000000000   0.000000000   0.000000000       4
        1   2   1   2
       2   0.000000000   0.164957220   0.000000000       6
     No degeneracy
       3   0.000000000   0.329914440   0.000000000       6
     No degeneracy
       4   0.000000000   0.494871659   0.000000000       6
     No degeneracy
       5   0.142857143   0.247435830   0.000000000       6
     No degeneracy
       6   0.142857143   0.412393049   0.000000000       6
     No degeneracy
       7   0.142857143   0.577350269   0.000000000       6
     No degeneracy
       8   0.285714286   0.494871659   0.000000000       6
     No degeneracy

     Calculation of q =    0.0000000   0.0000000   0.0000000

     Phonon graphene                                                            

     bravais-lattice index     =            0
     lattice parameter (alat)  =       4.6588  a.u.
     unit-cell volume          =     632.2598 (a.u.)^3
     number of atoms/cell      =            2
     number of atomic types    =            1
     kinetic-energy cut-off    =     100.0000  Ry
     charge density cut-off    =     400.0000  Ry
     convergence threshold     =      1.0E-14
     beta                      =       0.7000
     number of iterations used =            4
     Exchange-correlation= PW
                           (   1   4   0   0   0   0   0)


     celldm(1)=    4.65879  celldm(2)=    0.00000  celldm(3)=    0.00000
     celldm(4)=    0.00000  celldm(5)=    0.00000  celldm(6)=    0.00000

     crystal axes: (cart. coord. in units of alat)
               a(1) = (  1.0000  0.0000  0.0000 )  
               a(2) = ( -0.5000  0.8660  0.0000 )  
               a(3) = (  0.0000  0.0000  7.2201 )  

     reciprocal axes: (cart. coord. in units 2 pi/alat)
               b(1) = (  1.0000  0.5774  0.0000 )  
               b(2) = (  0.0000  1.1547  0.0000 )  
               b(3) = (  0.0000  0.0000  0.1385 )  


     Atoms inside the unit cell: 

     Cartesian axes

     site n.  atom      mass           positions (alat units)
        1  C      12.0107   tau(    1) = (   -0.00000    0.57735    3.61007  )
        2  C      12.0107   tau(    2) = (    0.50000    0.28868    3.61007  )

     Computing dynamical matrix for 
                    q = (   0.0000000   0.0000000   0.0000000 )
 
     25 Sym.Ops. (with q -> -q+G )


     G cutoff =  219.9107  (   7111 G-vectors)     FFT grid: ( 30, 30,216)

     number of k points=    80  Marzari-Vanderbilt smearing, width (Ry)=  0.0200

     PseudoPot. # 1 for C  read from file:
     ./C.upf
     MD5 check sum: 1b594deb0bcc8b4bffb8cfaf75c62b92
     Pseudo is Projector augmented-wave + core cor, Zval =  4.0
     Generated using ATOMPAW code
     Shape of augmentation charge: SINC**2
     Using radial grid of 2342 points,  4 beta functions with: 
                l(1) =   0
                l(2) =   0
                l(3) =   1
                l(4) =   1
     Q(r) pseudized with 0 coefficients 


     Mode symmetry, D_6h(6/mmm) point group:


     Atomic displacements:
     There are    4 irreducible representations

     Representation     1      1 modes -  To be done

     Representation     2      2 modes -  To be done

     Representation     3      1 modes -  To be done

     Representation     4      2 modes -  To be done



     Alpha used in Ewald sum =   2.8000

     negative rho (up, down):  4.548E-05 0.000E+00
     PHONON       :      0.90s CPU      0.98s WALL



     Representation #   1 mode #   1

     Self-consistent Calculation
 
     Pert. #  1: Fermi energy shift (Ry) =     5.5145E-25     9.7958E-40

      iter #   1 total cpu time :     2.0 secs   av.it.:   3.9
      thresh= 1.000E-02 alpha_mix =  0.700 |ddv_scf|^2 =  2.926E-06
 
     Pert. #  1: Fermi energy shift (Ry) =    -1.1029E-24     4.8979E-40

      iter #   2 total cpu time :     3.1 secs   av.it.:   6.5
      thresh= 1.710E-04 alpha_mix =  0.700 |ddv_scf|^2 =  2.634E-07
 
     Pert. #  1: Fermi energy shift (Ry) =    -5.5145E-25     0.0000E+00

      iter #   3 total cpu time :     4.2 secs   av.it.:   5.7
      thresh= 5.132E-05 alpha_mix =  0.700 |ddv_scf|^2 =  1.221E-12
 
     Pert. #  1: Fermi energy shift (Ry) =    -5.5145E-25     0.0000E+00

      iter #   4 total cpu time :     5.6 secs   av.it.:   9.3
      thresh= 1.105E-07 alpha_mix =  0.700 |ddv_scf|^2 =  5.726E-15

     End of self-consistent calculation

     Convergence has been achieved 


     Representation #   2 modes #   2   3

     Self-consistent Calculation
 
     Pert. #  1: Fermi energy shift (Ry) =    -8.0954E-18     5.2040E-40
     Pert. #  2: Fermi energy shift (Ry) =     2.3130E-18     1.2245E-40

      iter #   1 total cpu time :     7.8 secs   av.it.:   5.0
      thresh= 1.000E-02 alpha_mix =  0.700 |ddv_scf|^2 =  3.020E-06
 
     Pert. #  1: Fermi energy shift (Ry) =     9.5410E-18     4.4081E-39
     Pert. #  2: Fermi energy shift (Ry) =    -1.5613E-17    -1.4694E-39

      iter #   2 total cpu time :    10.5 secs   av.it.:   8.2
      thresh= 1.738E-04 alpha_mix =  0.700 |ddv_scf|^2 =  2.710E-07
 
     Pert. #  1: Fermi energy shift (Ry) =     5.4933E-18     3.6734E-40
     Pert. #  2: Fermi energy shift (Ry) =    -3.2960E-17     1.8367E-40

      iter #   3 total cpu time :    12.7 secs   av.it.:   6.4
      thresh= 5.206E-05 alpha_mix =  0.700 |ddv_scf|^2 =  3.321E-12
 
     Pert. #  1: Fermi energy shift (Ry) =     5.4933E-18     3.9795E-40
     Pert. #  2: Fermi energy shift (Ry) =    -3.4694E-18     1.2245E-40

      iter #   4 total cpu time :    15.6 secs   av.it.:  10.4
      thresh= 1.822E-07 alpha_mix =  0.700 |ddv_scf|^2 =  4.472E-15

     End of self-consistent calculation

     Convergence has been achieved 


     Representation #   3 mode #   4

     Self-consistent Calculation
 
     Pert. #  1: Fermi energy shift (Ry) =     4.4116E-24     0.0000E+00

      iter #   1 total cpu time :    16.9 secs   av.it.:   5.9
      thresh= 1.000E-02 alpha_mix =  0.700 |ddv_scf|^2 =  2.086E-04
 
     Pert. #  1: Fermi energy shift (Ry) =     0.0000E+00    -2.4489E-40

      iter #   2 total cpu time :    18.1 secs   av.it.:   8.1
      thresh= 1.444E-03 alpha_mix =  0.700 |ddv_scf|^2 =  3.063E-04
 
     Pert. #  1: Fermi energy shift (Ry) =    -2.2058E-24    -4.8979E-40

      iter #   3 total cpu time :    19.3 secs   av.it.:   7.5
      thresh= 1.750E-03 alpha_mix =  0.700 |ddv_scf|^2 =  1.262E-06
 
     Pert. #  1: Fermi energy shift (Ry) =     2.2058E-24    -4.8979E-40

      iter #   4 total cpu time :    20.4 secs   av.it.:   5.7
      thresh= 1.123E-04 alpha_mix =  0.700 |ddv_scf|^2 =  3.896E-09
 
     Pert. #  1: Fermi energy shift (Ry) =     2.2058E-24    -4.8979E-40

      iter #   5 total cpu time :    21.5 secs   av.it.:   7.1
      thresh= 6.242E-06 alpha_mix =  0.700 |ddv_scf|^2 =  9.520E-11
 
     Pert. #  1: Fermi energy shift (Ry) =     2.2058E-24    -4.8979E-40

      iter #   6 total cpu time :    22.7 secs   av.it.:   7.3
      thresh= 9.757E-07 alpha_mix =  0.700 |ddv_scf|^2 =  8.881E-14
 
     Pert. #  1: Fermi energy shift (Ry) =     2.2058E-24    -4.8979E-40

      iter #   7 total cpu time :    23.9 secs   av.it.:   7.5
      thresh= 2.980E-08 alpha_mix =  0.700 |ddv_scf|^2 =  5.941E-16

     End of self-consistent calculation

     Convergence has been achieved 


     Representation #   4 modes #   5   6

     Self-consistent Calculation
 
     Pert. #  1: Fermi energy shift (Ry) =     1.9301E-24    -8.0247E-36
     Pert. #  2: Fermi energy shift (Ry) =     1.6544E-24     0.0000E+00

      iter #   1 total cpu time :    26.1 secs   av.it.:   4.7
      thresh= 1.000E-02 alpha_mix =  0.700 |ddv_scf|^2 =  1.996E-06
 
     Pert. #  1: Fermi energy shift (Ry) =    -3.9980E-24     1.5673E-37
     Pert. #  2: Fermi energy shift (Ry) =    -2.2058E-24    -1.2539E-37

      iter #   2 total cpu time :    28.4 secs   av.it.:   7.3
      thresh= 1.413E-04 alpha_mix =  0.700 |ddv_scf|^2 =  1.793E-07
 
     Pert. #  1: Fermi energy shift (Ry) =    -1.9301E-24     3.7616E-37
     Pert. #  2: Fermi energy shift (Ry) =    -2.7573E-25    -3.1347E-38

      iter #   3 total cpu time :    30.6 secs   av.it.:   6.8
      thresh= 4.235E-05 alpha_mix =  0.700 |ddv_scf|^2 =  1.066E-12
 
     Pert. #  1: Fermi energy shift (Ry) =     0.0000E+00     3.9183E-39
     Pert. #  2: Fermi energy shift (Ry) =    -8.2718E-25    -1.5673E-38

      iter #   4 total cpu time :    33.5 secs   av.it.:  10.4
      thresh= 1.032E-07 alpha_mix =  0.700 |ddv_scf|^2 =  9.624E-15

     End of self-consistent calculation

     Convergence has been achieved 
 
     Number of q in the star =    1
     List of q in the star:
          1   0.000000000   0.000000000   0.000000000

     Diagonalizing the dynamical matrix

     q = (    0.000000000   0.000000000   0.000000000 ) 

 **************************************************************************
     freq (    1) =      -2.599075 [THz] =     -86.695807 [cm-1]
     freq (    2) =      -1.253136 [THz] =     -41.800125 [cm-1]
     freq (    3) =      -1.253136 [THz] =     -41.800125 [cm-1]
     freq (    4) =      27.056727 [THz] =     902.515283 [cm-1]
     freq (    5) =      46.318998 [THz] =    1545.035465 [cm-1]
     freq (    6) =      46.318998 [THz] =    1545.035465 [cm-1]
 **************************************************************************

     Mode symmetry, D_6h(6/mmm) point group:

     freq (   1-   1) =        -86.7  [cm-1]   --> A_2u            I  
     freq (   2-   3) =        -41.8  [cm-1]   --> E_1u            I  
     freq (   4-   4) =        902.5  [cm-1]   --> B_1g               
     freq (   5-   6) =       1545.0  [cm-1]   --> E_2g            R  

     Calculation of q =    0.0000000   0.1649572   0.0000000
 
     Parallelization info
     --------------------
     sticks:   dense  smooth     PW     G-vecs:    dense   smooth      PW
     Min          49      49     15                 7111     7111    1197
     Max          50      50     16                 7132     7132    1218
     Sum         595     595    187                85433    85433   14513
 
     Using Slab Decomposition
 

     Title: 
     Phonon graphene                                                            


     bravais-lattice index     =            0
     lattice parameter (alat)  =       4.6588  a.u.
     unit-cell volume          =     632.2598 (a.u.)^3
     number of atoms/cell      =            2
     number of atomic types    =            1
     number of electrons       =         8.00
     number of Kohn-Sham states=            8
     kinetic-energy cutoff     =     100.0000  Ry
     charge density cutoff     =     400.0000  Ry
     Exchange-correlation= PW
                           (   1   4   0   0   0   0   0)

     celldm(1)=   4.658789  celldm(2)=   0.000000  celldm(3)=   0.000000
     celldm(4)=   0.000000  celldm(5)=   0.000000  celldm(6)=   0.000000

     crystal axes: (cart. coord. in units of alat)
               a(1) = (   1.000000   0.000000   0.000000 )  
               a(2) = (  -0.500000   0.866025   0.000000 )  
               a(3) = (   0.000000   0.000000   7.220143 )  

     reciprocal axes: (cart. coord. in units 2 pi/alat)
               b(1) = (  1.000000  0.577350  0.000000 )  
               b(2) = (  0.000000  1.154701  0.000000 )  
               b(3) = (  0.000000  0.000000  0.138501 )  


     PseudoPot. # 1 for C  read from file:
     ./C.upf
     MD5 check sum: 1b594deb0bcc8b4bffb8cfaf75c62b92
     Pseudo is Projector augmented-wave + core cor, Zval =  4.0
     Generated using ATOMPAW code
     Shape of augmentation charge: SINC**2
     Using radial grid of 2342 points,  4 beta functions with: 
                l(1) =   0
                l(2) =   0
                l(3) =   1
                l(4) =   1
     Q(r) pseudized with 0 coefficients 


     atomic species   valence    mass     pseudopotential
     C                 4.00    12.01070     C ( 1.00)

     24 Sym. Ops., with inversion, found



   Cartesian axes

     site n.     atom                  positions (alat units)
         1        C      tau(   1) = (  -0.0000000   0.5773503   3.6100717  )
         2        C      tau(   2) = (   0.5000000   0.2886751   3.6100717  )

     number of k points=   812  Marzari-Vanderbilt smearing, width (Ry)=  0.0200

     Number of k-points >= 100: set verbosity='high' to print them.

     Dense  grid:    85433 G-vectors     FFT dimensions: (  30,  30, 216)

     Estimated max dynamical RAM per process >       7.79 MB

     Estimated total dynamical RAM >      93.54 MB
 ----2D----2D----2D----2D----2D----2D----2D----2D----2D----2D----2D----2D
  The code is running with the 2D cutoff
  Please refer to:
  Sohier, T., Calandra, M., & Mauri, F. (2017), 
  Density functional perturbation theory for gated two-dimensional heterostructu
 res:
  Theoretical developments and application to flexural phonons in graphene.
  Physical Review B, 96(7), 75448. https://doi.org/10.1103/PhysRevB.96.075448
 ----2D----2D----2D----2D----2D----2D----2D----2D----2D----2D----2D----2D

     Check: negative core charge=   -0.000011

     The potential is recalculated from file :
     ./tmp/_ph0/graphene.q_2/graphene.save/charge-density


     negative rho (up, down):  4.548E-05 0.000E+00
     Starting wfcs are   16 atomic wfcs
     Checking if some PAW data can be deallocated... 

     Band Structure Calculation
     Davidson diagonalization with overlap

     ethr =  1.25E-10,  avg # of iterations = 25.3

     total cpu time spent up to now is       39.2 secs

     End of band structure calculation

     Number of k-points >= 100: set verbosity='high' to print the bands.

     the Fermi energy is    -4.6898 ev

     Writing config to output data dir ./tmp/_ph0/graphene.q_2/graphene.save/ :
     XML data file

     Phonon graphene                                                            

     bravais-lattice index     =            0
     lattice parameter (alat)  =       4.6588  a.u.
     unit-cell volume          =     632.2598 (a.u.)^3
     number of atoms/cell      =            2
     number of atomic types    =            1
     kinetic-energy cut-off    =     100.0000  Ry
     charge density cut-off    =     400.0000  Ry
     convergence threshold     =      1.0E-14
     beta                      =       0.7000
     number of iterations used =            4
     Exchange-correlation= PW
                           (   1   4   0   0   0   0   0)


     celldm(1)=    4.65879  celldm(2)=    0.00000  celldm(3)=    0.00000
     celldm(4)=    0.00000  celldm(5)=    0.00000  celldm(6)=    0.00000

     crystal axes: (cart. coord. in units of alat)
               a(1) = (  1.0000  0.0000  0.0000 )  
               a(2) = ( -0.5000  0.8660  0.0000 )  
               a(3) = (  0.0000  0.0000  7.2201 )  

     reciprocal axes: (cart. coord. in units 2 pi/alat)
               b(1) = (  1.0000  0.5774  0.0000 )  
               b(2) = (  0.0000  1.1547  0.0000 )  
               b(3) = (  0.0000  0.0000  0.1385 )  


     Atoms inside the unit cell: 

     Cartesian axes

     site n.  atom      mass           positions (alat units)
        1  C      12.0107   tau(    1) = (   -0.00000    0.57735    3.61007  )
        2  C      12.0107   tau(    2) = (    0.50000    0.28868    3.61007  )

     Computing dynamical matrix for 
                    q = (   0.0000000   0.1649572   0.0000000 )
 
      4 Sym.Ops. (no q -> -q+G )


     G cutoff =  219.9107  (   7111 G-vectors)     FFT grid: ( 30, 30,216)

     number of k points=   812  Marzari-Vanderbilt smearing, width (Ry)=  0.0200

     PseudoPot. # 1 for C  read from file:
     ./C.upf
     MD5 check sum: 1b594deb0bcc8b4bffb8cfaf75c62b92
     Pseudo is Projector augmented-wave + core cor, Zval =  4.0
     Generated using ATOMPAW code
     Shape of augmentation charge: SINC**2
     Using radial grid of 2342 points,  4 beta functions with: 
                l(1) =   0
                l(2) =   0
                l(3) =   1
                l(4) =   1
     Q(r) pseudized with 0 coefficients 


     Mode symmetry, C_2v (mm2)  point group:


     Atomic displacements:
     There are    6 irreducible representations

     Representation     1      1 modes -  To be done

     Representation     2      1 modes -  To be done

     Representation     3      1 modes -  To be done

     Representation     4      1 modes -  To be done

     Representation     5      1 modes -  To be done

     Representation     6      1 modes -  To be done


     Message from routine init_vloc:
     Interpolation table for Vloc re-allocated

     Alpha used in Ewald sum =   2.8000

     negative rho (up, down):  4.548E-05 0.000E+00
     PHONON       :   1m13.58s CPU   1m15.75s WALL



     Representation #   1 mode #   1

     Self-consistent Calculation

      iter #   1 total cpu time :    80.6 secs   av.it.:   5.6
      thresh= 1.000E-02 alpha_mix =  0.700 |ddv_scf|^2 =  4.076E-05

      iter #   2 total cpu time :    86.4 secs   av.it.:   8.5
      thresh= 6.385E-04 alpha_mix =  0.700 |ddv_scf|^2 =  2.175E-04

      iter #   3 total cpu time :    91.5 secs   av.it.:   7.3
      thresh= 1.475E-03 alpha_mix =  0.700 |ddv_scf|^2 =  1.131E-06

      iter #   4 total cpu time :    97.1 secs   av.it.:   8.2
      thresh= 1.064E-04 alpha_mix =  0.700 |ddv_scf|^2 =  1.554E-08

      iter #   5 total cpu time :   103.3 secs   av.it.:   9.5
      thresh= 1.247E-05 alpha_mix =  0.700 |ddv_scf|^2 =  3.536E-10

      iter #   6 total cpu time :   109.8 secs   av.it.:   9.5
      thresh= 1.880E-06 alpha_mix =  0.700 |ddv_scf|^2 =  8.434E-12

      iter #   7 total cpu time :   115.2 secs   av.it.:   7.8
      thresh= 2.904E-07 alpha_mix =  0.700 |ddv_scf|^2 =  4.113E-13

      iter #   8 total cpu time :   120.8 secs   av.it.:   8.4
      thresh= 6.413E-08 alpha_mix =  0.700 |ddv_scf|^2 =  5.887E-13

      iter #   9 total cpu time :   126.2 secs   av.it.:   7.8
      thresh= 7.673E-08 alpha_mix =  0.700 |ddv_scf|^2 =  2.031E-16

     End of self-consistent calculation

     Convergence has been achieved 


     Representation #   2 mode #   2

     Self-consistent Calculation

      iter #   1 total cpu time :   131.2 secs   av.it.:   5.6
      thresh= 1.000E-02 alpha_mix =  0.700 |ddv_scf|^2 =  4.076E-05

      iter #   2 total cpu time :   137.0 secs   av.it.:   8.5
      thresh= 6.385E-04 alpha_mix =  0.700 |ddv_scf|^2 =  2.175E-04

      iter #   3 total cpu time :   142.1 secs   av.it.:   7.3
      thresh= 1.475E-03 alpha_mix =  0.700 |ddv_scf|^2 =  1.131E-06

      iter #   4 total cpu time :   147.7 secs   av.it.:   8.2
      thresh= 1.064E-04 alpha_mix =  0.700 |ddv_scf|^2 =  1.554E-08

      iter #   5 total cpu time :   153.9 secs   av.it.:   9.5
      thresh= 1.247E-05 alpha_mix =  0.700 |ddv_scf|^2 =  3.536E-10

      iter #   6 total cpu time :   160.3 secs   av.it.:   9.5
      thresh= 1.880E-06 alpha_mix =  0.700 |ddv_scf|^2 =  8.434E-12

      iter #   7 total cpu time :   165.7 secs   av.it.:   7.8
      thresh= 2.904E-07 alpha_mix =  0.700 |ddv_scf|^2 =  4.113E-13

      iter #   8 total cpu time :   171.4 secs   av.it.:   8.4
      thresh= 6.413E-08 alpha_mix =  0.700 |ddv_scf|^2 =  5.887E-13

      iter #   9 total cpu time :   176.8 secs   av.it.:   7.8
      thresh= 7.673E-08 alpha_mix =  0.700 |ddv_scf|^2 =  2.031E-16

     End of self-consistent calculation

     Convergence has been achieved 


     Representation #   3 mode #   3

     Self-consistent Calculation

      iter #   1 total cpu time :   181.6 secs   av.it.:   5.1
      thresh= 1.000E-02 alpha_mix =  0.700 |ddv_scf|^2 =  1.008E-05

      iter #   2 total cpu time :   186.8 secs   av.it.:   7.5
      thresh= 3.174E-04 alpha_mix =  0.700 |ddv_scf|^2 =  9.038E-07

      iter #   3 total cpu time :   191.4 secs   av.it.:   6.2
      thresh= 9.507E-05 alpha_mix =  0.700 |ddv_scf|^2 =  8.930E-12

      iter #   4 total cpu time :   197.7 secs   av.it.:   9.8
      thresh= 2.988E-07 alpha_mix =  0.700 |ddv_scf|^2 =  5.986E-14

      iter #   5 total cpu time :   204.2 secs   av.it.:  10.1
      thresh= 2.447E-08 alpha_mix =  0.700 |ddv_scf|^2 =  1.148E-15

     End of self-consistent calculation

     Convergence has been achieved 


     Representation #   4 mode #   4

     Self-consistent Calculation

      iter #   1 total cpu time :   209.0 secs   av.it.:   5.1
      thresh= 1.000E-02 alpha_mix =  0.700 |ddv_scf|^2 =  1.008E-05

      iter #   2 total cpu time :   214.3 secs   av.it.:   7.5
      thresh= 3.174E-04 alpha_mix =  0.700 |ddv_scf|^2 =  9.038E-07

      iter #   3 total cpu time :   218.9 secs   av.it.:   6.2
      thresh= 9.507E-05 alpha_mix =  0.700 |ddv_scf|^2 =  8.930E-12

      iter #   4 total cpu time :   225.2 secs   av.it.:   9.8
      thresh= 2.988E-07 alpha_mix =  0.700 |ddv_scf|^2 =  5.986E-14

      iter #   5 total cpu time :   231.7 secs   av.it.:  10.1
      thresh= 2.447E-08 alpha_mix =  0.700 |ddv_scf|^2 =  1.148E-15

     End of self-consistent calculation

     Convergence has been achieved 


     Representation #   5 mode #   5

     Self-consistent Calculation

      iter #   1 total cpu time :   236.8 secs   av.it.:   5.9
      thresh= 1.000E-02 alpha_mix =  0.700 |ddv_scf|^2 =  2.020E-05

      iter #   2 total cpu time :   242.5 secs   av.it.:   8.6
      thresh= 4.495E-04 alpha_mix =  0.700 |ddv_scf|^2 =  3.170E-06

      iter #   3 total cpu time :   248.4 secs   av.it.:   8.9
      thresh= 1.781E-04 alpha_mix =  0.700 |ddv_scf|^2 =  7.221E-07

      iter #   4 total cpu time :   254.3 secs   av.it.:   8.7
      thresh= 8.498E-05 alpha_mix =  0.700 |ddv_scf|^2 =  1.384E-12

      iter #   5 total cpu time :   260.5 secs   av.it.:   9.4
      thresh= 1.177E-07 alpha_mix =  0.700 |ddv_scf|^2 =  4.122E-14

      iter #   6 total cpu time :   266.5 secs   av.it.:   8.7
      thresh= 2.030E-08 alpha_mix =  0.700 |ddv_scf|^2 =  9.781E-16

     End of self-consistent calculation

     Convergence has been achieved 


     Representation #   6 mode #   6

     Self-consistent Calculation

      iter #   1 total cpu time :   271.5 secs   av.it.:   5.9
      thresh= 1.000E-02 alpha_mix =  0.700 |ddv_scf|^2 =  2.020E-05

      iter #   2 total cpu time :   277.3 secs   av.it.:   8.6
      thresh= 4.495E-04 alpha_mix =  0.700 |ddv_scf|^2 =  3.170E-06

      iter #   3 total cpu time :   283.2 secs   av.it.:   8.9
      thresh= 1.781E-04 alpha_mix =  0.700 |ddv_scf|^2 =  7.221E-07

      iter #   4 total cpu time :   289.0 secs   av.it.:   8.7
      thresh= 8.498E-05 alpha_mix =  0.700 |ddv_scf|^2 =  1.384E-12

      iter #   5 total cpu time :   295.3 secs   av.it.:   9.4
      thresh= 1.177E-07 alpha_mix =  0.700 |ddv_scf|^2 =  4.122E-14

      iter #   6 total cpu time :   301.0 secs   av.it.:   8.7
      thresh= 2.030E-08 alpha_mix =  0.700 |ddv_scf|^2 =  9.781E-16

     End of self-consistent calculation

     Convergence has been achieved 
 
     Number of q in the star =    6
     List of q in the star:
          1   0.000000000   0.164957220   0.000000000
          2  -0.142857143   0.082478610   0.000000000
          3   0.142857143   0.082478610   0.000000000
          4  -0.142857143  -0.082478610   0.000000000
          5   0.142857143  -0.082478610   0.000000000
          6   0.000000000  -0.164957220   0.000000000

     Diagonalizing the dynamical matrix

     q = (    0.000000000   0.164957220   0.000000000 ) 

 **************************************************************************
     freq (    1) =      -1.609755 [THz] =     -53.695649 [cm-1]
     freq (    2) =       8.614658 [THz] =     287.354072 [cm-1]
     freq (    3) =      13.893007 [THz] =     463.420827 [cm-1]
     freq (    4) =      26.537328 [THz] =     885.189964 [cm-1]
     freq (    5) =      45.246148 [THz] =    1509.249058 [cm-1]
     freq (    6) =      47.663879 [THz] =    1589.895865 [cm-1]
 **************************************************************************

     Mode symmetry, C_2v (mm2)  point group:

     freq (   1-   1) =        -53.7  [cm-1]   --> B_2  D_4  S_4      
     freq (   2-   2) =        287.4  [cm-1]   --> B_1  D_3  S_3      
     freq (   3-   3) =        463.4  [cm-1]   --> A_1  D_1  S_1      
     freq (   4-   4) =        885.2  [cm-1]   --> B_2  D_4  S_4      
     freq (   5-   5) =       1509.2  [cm-1]   --> B_1  D_3  S_3      
     freq (   6-   6) =       1589.9  [cm-1]   --> A_1  D_1  S_1      

     Calculation of q =    0.0000000   0.3299144   0.0000000
 
     Parallelization info
     --------------------
     sticks:   dense  smooth     PW     G-vecs:    dense   smooth      PW
     Min          49      49     16                 7111     7111    1280
     Max          50      50     18                 7132     7132    1290
     Sum         595     595    199                85433    85433   15415
 
     Using Slab Decomposition
 

     Title: 
     Phonon graphene                                                            


     bravais-lattice index     =            0
     lattice parameter (alat)  =       4.6588  a.u.
     unit-cell volume          =     632.2598 (a.u.)^3
     number of atoms/cell      =            2
     number of atomic types    =            1
     number of electrons       =         8.00
     number of Kohn-Sham states=            8
     kinetic-energy cutoff     =     100.0000  Ry
     charge density cutoff     =     400.0000  Ry
     Exchange-correlation= PW
                           (   1   4   0   0   0   0   0)

     celldm(1)=   4.658789  celldm(2)=   0.000000  celldm(3)=   0.000000
     celldm(4)=   0.000000  celldm(5)=   0.000000  celldm(6)=   0.000000

     crystal axes: (cart. coord. in units of alat)
               a(1) = (   1.000000   0.000000   0.000000 )  
               a(2) = (  -0.500000   0.866025   0.000000 )  
               a(3) = (   0.000000   0.000000   7.220143 )  

     reciprocal axes: (cart. coord. in units 2 pi/alat)
               b(1) = (  1.000000  0.577350  0.000000 )  
               b(2) = (  0.000000  1.154701  0.000000 )  
               b(3) = (  0.000000  0.000000  0.138501 )  


     PseudoPot. # 1 for C  read from file:
     ./C.upf
     MD5 check sum: 1b594deb0bcc8b4bffb8cfaf75c62b92
     Pseudo is Projector augmented-wave + core cor, Zval =  4.0
     Generated using ATOMPAW code
     Shape of augmentation charge: SINC**2
     Using radial grid of 2342 points,  4 beta functions with: 
                l(1) =   0
                l(2) =   0
                l(3) =   1
                l(4) =   1
     Q(r) pseudized with 0 coefficients 


     atomic species   valence    mass     pseudopotential
     C                 4.00    12.01070     C ( 1.00)

     24 Sym. Ops., with inversion, found



   Cartesian axes

     site n.     atom                  positions (alat units)
         1        C      tau(   1) = (  -0.0000000   0.5773503   3.6100717  )
         2        C      tau(   2) = (   0.5000000   0.2886751   3.6100717  )

     number of k points=   812  Marzari-Vanderbilt smearing, width (Ry)=  0.0200

     Number of k-points >= 100: set verbosity='high' to print them.

     Dense  grid:    85433 G-vectors     FFT dimensions: (  30,  30, 216)

     Estimated max dynamical RAM per process >       7.80 MB

     Estimated total dynamical RAM >      93.60 MB
 ----2D----2D----2D----2D----2D----2D----2D----2D----2D----2D----2D----2D
  The code is running with the 2D cutoff
  Please refer to:
  Sohier, T., Calandra, M., & Mauri, F. (2017), 
  Density functional perturbation theory for gated two-dimensional heterostructu
 res:
  Theoretical developments and application to flexural phonons in graphene.
  Physical Review B, 96(7), 75448. https://doi.org/10.1103/PhysRevB.96.075448
 ----2D----2D----2D----2D----2D----2D----2D----2D----2D----2D----2D----2D

     Check: negative core charge=   -0.000011

     The potential is recalculated from file :
     ./tmp/_ph0/graphene.q_3/graphene.save/charge-density


     negative rho (up, down):  4.548E-05 0.000E+00
     Starting wfcs are   16 atomic wfcs
     Checking if some PAW data can be deallocated... 

     Band Structure Calculation
     Davidson diagonalization with overlap

     ethr =  1.25E-10,  avg # of iterations = 25.3

     total cpu time spent up to now is       63.2 secs

     End of band structure calculation

     Number of k-points >= 100: set verbosity='high' to print the bands.

     the Fermi energy is    -4.6898 ev

     Writing config to output data dir ./tmp/_ph0/graphene.q_3/graphene.save/ :
     XML data file

     Phonon graphene                                                            

     bravais-lattice index     =            0
     lattice parameter (alat)  =       4.6588  a.u.
     unit-cell volume          =     632.2598 (a.u.)^3
     number of atoms/cell      =            2
     number of atomic types    =            1
     kinetic-energy cut-off    =     100.0000  Ry
     charge density cut-off    =     400.0000  Ry
     convergence threshold     =      1.0E-14
     beta                      =       0.7000
     number of iterations used =            4
     Exchange-correlation= PW
                           (   1   4   0   0   0   0   0)


     celldm(1)=    4.65879  celldm(2)=    0.00000  celldm(3)=    0.00000
     celldm(4)=    0.00000  celldm(5)=    0.00000  celldm(6)=    0.00000

     crystal axes: (cart. coord. in units of alat)
               a(1) = (  1.0000  0.0000  0.0000 )  
               a(2) = ( -0.5000  0.8660  0.0000 )  
               a(3) = (  0.0000  0.0000  7.2201 )  

     reciprocal axes: (cart. coord. in units 2 pi/alat)
               b(1) = (  1.0000  0.5774  0.0000 )  
               b(2) = (  0.0000  1.1547  0.0000 )  
               b(3) = (  0.0000  0.0000  0.1385 )  


     Atoms inside the unit cell: 

     Cartesian axes

     site n.  atom      mass           positions (alat units)
        1  C      12.0107   tau(    1) = (   -0.00000    0.57735    3.61007  )
        2  C      12.0107   tau(    2) = (    0.50000    0.28868    3.61007  )

     Computing dynamical matrix for 
                    q = (   0.0000000   0.3299144   0.0000000 )
 
      4 Sym.Ops. (no q -> -q+G )


     G cutoff =  219.9107  (   7111 G-vectors)     FFT grid: ( 30, 30,216)

     number of k points=   812  Marzari-Vanderbilt smearing, width (Ry)=  0.0200

     PseudoPot. # 1 for C  read from file:
     ./C.upf
     MD5 check sum: 1b594deb0bcc8b4bffb8cfaf75c62b92
     Pseudo is Projector augmented-wave + core cor, Zval =  4.0
     Generated using ATOMPAW code
     Shape of augmentation charge: SINC**2
     Using radial grid of 2342 points,  4 beta functions with: 
                l(1) =   0
                l(2) =   0
                l(3) =   1
                l(4) =   1
     Q(r) pseudized with 0 coefficients 


     Mode symmetry, C_2v (mm2)  point group:


     Atomic displacements:
     There are    6 irreducible representations

     Representation     1      1 modes -  To be done

     Representation     2      1 modes -  To be done

     Representation     3      1 modes -  To be done

     Representation     4      1 modes -  To be done

     Representation     5      1 modes -  To be done

     Representation     6      1 modes -  To be done



     Alpha used in Ewald sum =   2.8000

     negative rho (up, down):  4.548E-05 0.000E+00
     PHONON       :   5m16.11s CPU   5m26.79s WALL



     Representation #   1 mode #   1

     Self-consistent Calculation

      iter #   1 total cpu time :   329.5 secs   av.it.:   5.7
      thresh= 1.000E-02 alpha_mix =  0.700 |ddv_scf|^2 =  1.790E-05

      iter #   2 total cpu time :   332.8 secs   av.it.:   9.1
      thresh= 4.230E-04 alpha_mix =  0.700 |ddv_scf|^2 =  2.770E-05

      iter #   3 total cpu time :   335.9 secs   av.it.:   8.5
      thresh= 5.263E-04 alpha_mix =  0.700 |ddv_scf|^2 =  2.309E-06

      iter #   4 total cpu time :   339.0 secs   av.it.:   8.6
      thresh= 1.520E-04 alpha_mix =  0.700 |ddv_scf|^2 =  4.203E-08

      iter #   5 total cpu time :   342.4 secs   av.it.:   9.6
      thresh= 2.050E-05 alpha_mix =  0.700 |ddv_scf|^2 =  3.146E-10

      iter #   6 total cpu time :   345.8 secs   av.it.:   9.5
      thresh= 1.774E-06 alpha_mix =  0.700 |ddv_scf|^2 =  1.259E-12

      iter #   7 total cpu time :   349.0 secs   av.it.:   8.8
      thresh= 1.122E-07 alpha_mix =  0.700 |ddv_scf|^2 =  6.691E-15

     End of self-consistent calculation

     Convergence has been achieved 


     Representation #   2 mode #   2

     Self-consistent Calculation

      iter #   1 total cpu time :   351.7 secs   av.it.:   5.7
      thresh= 1.000E-02 alpha_mix =  0.700 |ddv_scf|^2 =  1.790E-05

      iter #   2 total cpu time :   355.2 secs   av.it.:   9.1
      thresh= 4.230E-04 alpha_mix =  0.700 |ddv_scf|^2 =  2.770E-05

      iter #   3 total cpu time :   358.3 secs   av.it.:   8.5
      thresh= 5.263E-04 alpha_mix =  0.700 |ddv_scf|^2 =  2.309E-06

      iter #   4 total cpu time :   361.4 secs   av.it.:   8.6
      thresh= 1.520E-04 alpha_mix =  0.700 |ddv_scf|^2 =  4.203E-08

      iter #   5 total cpu time :   364.8 secs   av.it.:   9.6
      thresh= 2.050E-05 alpha_mix =  0.700 |ddv_scf|^2 =  3.146E-10

      iter #   6 total cpu time :   368.2 secs   av.it.:   9.5
      thresh= 1.774E-06 alpha_mix =  0.700 |ddv_scf|^2 =  1.259E-12

      iter #   7 total cpu time :   371.4 secs   av.it.:   8.8
      thresh= 1.122E-07 alpha_mix =  0.700 |ddv_scf|^2 =  6.691E-15

     End of self-consistent calculation

     Convergence has been achieved 


     Representation #   3 mode #   3

     Self-consistent Calculation

      iter #   1 total cpu time :   374.0 secs   av.it.:   5.1
      thresh= 1.000E-02 alpha_mix =  0.700 |ddv_scf|^2 =  1.020E-05

      iter #   2 total cpu time :   376.9 secs   av.it.:   7.6
      thresh= 3.194E-04 alpha_mix =  0.700 |ddv_scf|^2 =  9.138E-07

      iter #   3 total cpu time :   379.4 secs   av.it.:   6.5
      thresh= 9.559E-05 alpha_mix =  0.700 |ddv_scf|^2 =  4.673E-11

      iter #   4 total cpu time :   382.9 secs   av.it.:   9.8
      thresh= 6.836E-07 alpha_mix =  0.700 |ddv_scf|^2 =  7.380E-14

      iter #   5 total cpu time :   386.4 secs   av.it.:  10.0
      thresh= 2.717E-08 alpha_mix =  0.700 |ddv_scf|^2 =  9.604E-16

     End of self-consistent calculation

     Convergence has been achieved 


     Representation #   4 mode #   4

     Self-consistent Calculation

      iter #   1 total cpu time :   389.2 secs   av.it.:   5.1
      thresh= 1.000E-02 alpha_mix =  0.700 |ddv_scf|^2 =  1.020E-05

      iter #   2 total cpu time :   392.2 secs   av.it.:   7.6
      thresh= 3.194E-04 alpha_mix =  0.700 |ddv_scf|^2 =  9.138E-07

      iter #   3 total cpu time :   394.7 secs   av.it.:   6.5
      thresh= 9.559E-05 alpha_mix =  0.700 |ddv_scf|^2 =  4.673E-11

      iter #   4 total cpu time :   398.2 secs   av.it.:   9.8
      thresh= 6.836E-07 alpha_mix =  0.700 |ddv_scf|^2 =  7.380E-14

      iter #   5 total cpu time :   401.7 secs   av.it.:  10.0
      thresh= 2.717E-08 alpha_mix =  0.700 |ddv_scf|^2 =  9.604E-16

     End of self-consistent calculation

     Convergence has been achieved 


     Representation #   5 mode #   5

     Self-consistent Calculation

      iter #   1 total cpu time :   404.6 secs   av.it.:   5.8
      thresh= 1.000E-02 alpha_mix =  0.700 |ddv_scf|^2 =  1.814E-05

      iter #   2 total cpu time :   407.6 secs   av.it.:   8.1
      thresh= 4.259E-04 alpha_mix =  0.700 |ddv_scf|^2 =  1.654E-06

      iter #   3 total cpu time :   410.7 secs   av.it.:   8.4
      thresh= 1.286E-04 alpha_mix =  0.700 |ddv_scf|^2 =  4.392E-08

      iter #   4 total cpu time :   414.0 secs   av.it.:   9.4
      thresh= 2.096E-05 alpha_mix =  0.700 |ddv_scf|^2 =  5.947E-13

      iter #   5 total cpu time :   417.5 secs   av.it.:   9.8
      thresh= 7.711E-08 alpha_mix =  0.700 |ddv_scf|^2 =  2.410E-14

      iter #   6 total cpu time :   420.9 secs   av.it.:   9.6
      thresh= 1.552E-08 alpha_mix =  0.700 |ddv_scf|^2 =  1.446E-16

     End of self-consistent calculation

     Convergence has been achieved 


     Representation #   6 mode #   6

     Self-consistent Calculation

      iter #   1 total cpu time :   423.7 secs   av.it.:   5.8
      thresh= 1.000E-02 alpha_mix =  0.700 |ddv_scf|^2 =  1.814E-05

      iter #   2 total cpu time :   426.7 secs   av.it.:   8.1
      thresh= 4.259E-04 alpha_mix =  0.700 |ddv_scf|^2 =  1.654E-06

      iter #   3 total cpu time :   429.9 secs   av.it.:   8.4
      thresh= 1.286E-04 alpha_mix =  0.700 |ddv_scf|^2 =  4.392E-08

      iter #   4 total cpu time :   433.3 secs   av.it.:   9.4
      thresh= 2.096E-05 alpha_mix =  0.700 |ddv_scf|^2 =  5.947E-13

      iter #   5 total cpu time :   436.8 secs   av.it.:   9.8
      thresh= 7.711E-08 alpha_mix =  0.700 |ddv_scf|^2 =  2.410E-14

      iter #   6 total cpu time :   440.2 secs   av.it.:   9.6
      thresh= 1.552E-08 alpha_mix =  0.700 |ddv_scf|^2 =  1.446E-16

     End of self-consistent calculation

     Convergence has been achieved 
 
     Number of q in the star =    6
     List of q in the star:
          1   0.000000000   0.329914440   0.000000000
          2  -0.285714286   0.164957220   0.000000000
          3   0.285714286   0.164957220   0.000000000
          4  -0.285714286  -0.164957220   0.000000000
          5   0.285714286  -0.164957220   0.000000000
          6   0.000000000  -0.329914440   0.000000000

     Diagonalizing the dynamical matrix

     q = (    0.000000000   0.329914440   0.000000000 ) 

 **************************************************************************
     freq (    1) =       6.065363 [THz] =     202.318735 [cm-1]
     freq (    2) =      15.085157 [THz] =     503.186673 [cm-1]
     freq (    3) =      24.704392 [THz] =     824.049821 [cm-1]
     freq (    4) =      26.195899 [THz] =     873.801144 [cm-1]
     freq (    5) =      43.040558 [THz] =    1435.678468 [cm-1]
     freq (    6) =      46.603924 [THz] =    1554.539563 [cm-1]
 **************************************************************************

     Mode symmetry, C_2v (mm2)  point group:

     freq (   1-   1) =        202.3  [cm-1]   --> B_2  D_4  S_4      
     freq (   2-   2) =        503.2  [cm-1]   --> B_1  D_3  S_3      
     freq (   3-   3) =        824.0  [cm-1]   --> B_2  D_4  S_4      
     freq (   4-   4) =        873.8  [cm-1]   --> A_1  D_1  S_1      
     freq (   5-   5) =       1435.7  [cm-1]   --> B_1  D_3  S_3      
     freq (   6-   6) =       1554.5  [cm-1]   --> A_1  D_1  S_1      

     Calculation of q =    0.0000000   0.4948717   0.0000000
 
     Parallelization info
     --------------------
     sticks:   dense  smooth     PW     G-vecs:    dense   smooth      PW
     Min          49      49     16                 7111     7111    1342
     Max          50      50     17                 7132     7132    1369
     Sum         595     595    199                85433    85433   16305
 
     Using Slab Decomposition
 

     Title: 
     Phonon graphene                                                            


     bravais-lattice index     =            0
     lattice parameter (alat)  =       4.6588  a.u.
     unit-cell volume          =     632.2598 (a.u.)^3
     number of atoms/cell      =            2
     number of atomic types    =            1
     number of electrons       =         8.00
     number of Kohn-Sham states=            8
     kinetic-energy cutoff     =     100.0000  Ry
     charge density cutoff     =     400.0000  Ry
     Exchange-correlation= PW
                           (   1   4   0   0   0   0   0)

     celldm(1)=   4.658789  celldm(2)=   0.000000  celldm(3)=   0.000000
     celldm(4)=   0.000000  celldm(5)=   0.000000  celldm(6)=   0.000000

     crystal axes: (cart. coord. in units of alat)
               a(1) = (   1.000000   0.000000   0.000000 )  
               a(2) = (  -0.500000   0.866025   0.000000 )  
               a(3) = (   0.000000   0.000000   7.220143 )  

     reciprocal axes: (cart. coord. in units 2 pi/alat)
               b(1) = (  1.000000  0.577350  0.000000 )  
               b(2) = (  0.000000  1.154701  0.000000 )  
               b(3) = (  0.000000  0.000000  0.138501 )  


     PseudoPot. # 1 for C  read from file:
     ./C.upf
     MD5 check sum: 1b594deb0bcc8b4bffb8cfaf75c62b92
     Pseudo is Projector augmented-wave + core cor, Zval =  4.0
     Generated using ATOMPAW code
     Shape of augmentation charge: SINC**2
     Using radial grid of 2342 points,  4 beta functions with: 
                l(1) =   0
                l(2) =   0
                l(3) =   1
                l(4) =   1
     Q(r) pseudized with 0 coefficients 


     atomic species   valence    mass     pseudopotential
     C                 4.00    12.01070     C ( 1.00)

     24 Sym. Ops., with inversion, found



   Cartesian axes

     site n.     atom                  positions (alat units)
         1        C      tau(   1) = (  -0.0000000   0.5773503   3.6100717  )
         2        C      tau(   2) = (   0.5000000   0.2886751   3.6100717  )

     number of k points=   812  Marzari-Vanderbilt smearing, width (Ry)=  0.0200

     Number of k-points >= 100: set verbosity='high' to print them.

     Dense  grid:    85433 G-vectors     FFT dimensions: (  30,  30, 216)

     Estimated max dynamical RAM per process >       7.80 MB

     Estimated total dynamical RAM >      93.64 MB
 ----2D----2D----2D----2D----2D----2D----2D----2D----2D----2D----2D----2D
  The code is running with the 2D cutoff
  Please refer to:
  Sohier, T., Calandra, M., & Mauri, F. (2017), 
  Density functional perturbation theory for gated two-dimensional heterostructu
 res:
  Theoretical developments and application to flexural phonons in graphene.
  Physical Review B, 96(7), 75448. https://doi.org/10.1103/PhysRevB.96.075448
 ----2D----2D----2D----2D----2D----2D----2D----2D----2D----2D----2D----2D

     Check: negative core charge=   -0.000011

     The potential is recalculated from file :
     ./tmp/_ph0/graphene.q_4/graphene.save/charge-density


     negative rho (up, down):  4.548E-05 0.000E+00
     Starting wfcs are   16 atomic wfcs
     Checking if some PAW data can be deallocated... 

     Band Structure Calculation
     Davidson diagonalization with overlap

     ethr =  1.25E-10,  avg # of iterations = 25.3

     total cpu time spent up to now is       84.9 secs

     End of band structure calculation

     Number of k-points >= 100: set verbosity='high' to print the bands.

     the Fermi energy is    -4.6898 ev

     Writing config to output data dir ./tmp/_ph0/graphene.q_4/graphene.save/ :
     XML data file

     Phonon graphene                                                            

     bravais-lattice index     =            0
     lattice parameter (alat)  =       4.6588  a.u.
     unit-cell volume          =     632.2598 (a.u.)^3
     number of atoms/cell      =            2
     number of atomic types    =            1
     kinetic-energy cut-off    =     100.0000  Ry
     charge density cut-off    =     400.0000  Ry
     convergence threshold     =      1.0E-14
     beta                      =       0.7000
     number of iterations used =            4
     Exchange-correlation= PW
                           (   1   4   0   0   0   0   0)


     celldm(1)=    4.65879  celldm(2)=    0.00000  celldm(3)=    0.00000
     celldm(4)=    0.00000  celldm(5)=    0.00000  celldm(6)=    0.00000

     crystal axes: (cart. coord. in units of alat)
               a(1) = (  1.0000  0.0000  0.0000 )  
               a(2) = ( -0.5000  0.8660  0.0000 )  
               a(3) = (  0.0000  0.0000  7.2201 )  

     reciprocal axes: (cart. coord. in units 2 pi/alat)
               b(1) = (  1.0000  0.5774  0.0000 )  
               b(2) = (  0.0000  1.1547  0.0000 )  
               b(3) = (  0.0000  0.0000  0.1385 )  


     Atoms inside the unit cell: 

     Cartesian axes

     site n.  atom      mass           positions (alat units)
        1  C      12.0107   tau(    1) = (   -0.00000    0.57735    3.61007  )
        2  C      12.0107   tau(    2) = (    0.50000    0.28868    3.61007  )

     Computing dynamical matrix for 
                    q = (   0.0000000   0.4948717   0.0000000 )
 
      4 Sym.Ops. (no q -> -q+G )


     G cutoff =  219.9107  (   7111 G-vectors)     FFT grid: ( 30, 30,216)

     number of k points=   812  Marzari-Vanderbilt smearing, width (Ry)=  0.0200

     PseudoPot. # 1 for C  read from file:
     ./C.upf
     MD5 check sum: 1b594deb0bcc8b4bffb8cfaf75c62b92
     Pseudo is Projector augmented-wave + core cor, Zval =  4.0
     Generated using ATOMPAW code
     Shape of augmentation charge: SINC**2
     Using radial grid of 2342 points,  4 beta functions with: 
                l(1) =   0
                l(2) =   0
                l(3) =   1
                l(4) =   1
     Q(r) pseudized with 0 coefficients 


     Mode symmetry, C_2v (mm2)  point group:


     Atomic displacements:
     There are    6 irreducible representations

     Representation     1      1 modes -  To be done

     Representation     2      1 modes -  To be done

     Representation     3      1 modes -  To be done

     Representation     4      1 modes -  To be done

     Representation     5      1 modes -  To be done

     Representation     6      1 modes -  To be done



     Alpha used in Ewald sum =   2.8000

     negative rho (up, down):  4.548E-05 0.000E+00
     PHONON       :   7m27.47s CPU   7m43.58s WALL



     Representation #   1 mode #   1

     Self-consistent Calculation

      iter #   1 total cpu time :   466.3 secs   av.it.:   5.8
      thresh= 1.000E-02 alpha_mix =  0.700 |ddv_scf|^2 =  1.368E-05

      iter #   2 total cpu time :   469.6 secs   av.it.:   9.2
      thresh= 3.698E-04 alpha_mix =  0.700 |ddv_scf|^2 =  4.786E-06

      iter #   3 total cpu time :   472.9 secs   av.it.:   9.6
      thresh= 2.188E-04 alpha_mix =  0.700 |ddv_scf|^2 =  2.487E-06

      iter #   4 total cpu time :   476.2 secs   av.it.:   9.0
      thresh= 1.577E-04 alpha_mix =  0.700 |ddv_scf|^2 =  5.725E-08

      iter #   5 total cpu time :   479.5 secs   av.it.:   9.4
      thresh= 2.393E-05 alpha_mix =  0.700 |ddv_scf|^2 =  4.842E-10

      iter #   6 total cpu time :   482.8 secs   av.it.:   9.5
      thresh= 2.200E-06 alpha_mix =  0.700 |ddv_scf|^2 =  3.036E-14

      iter #   7 total cpu time :   486.3 secs   av.it.:  10.1
      thresh= 1.742E-08 alpha_mix =  0.700 |ddv_scf|^2 =  5.215E-15

     End of self-consistent calculation

     Convergence has been achieved 


     Representation #   2 mode #   2

     Self-consistent Calculation

      iter #   1 total cpu time :   489.1 secs   av.it.:   5.8
      thresh= 1.000E-02 alpha_mix =  0.700 |ddv_scf|^2 =  1.368E-05

      iter #   2 total cpu time :   492.4 secs   av.it.:   9.2
      thresh= 3.698E-04 alpha_mix =  0.700 |ddv_scf|^2 =  4.786E-06

      iter #   3 total cpu time :   495.7 secs   av.it.:   9.6
      thresh= 2.188E-04 alpha_mix =  0.700 |ddv_scf|^2 =  2.487E-06

      iter #   4 total cpu time :   499.0 secs   av.it.:   9.0
      thresh= 1.577E-04 alpha_mix =  0.700 |ddv_scf|^2 =  5.725E-08

      iter #   5 total cpu time :   502.4 secs   av.it.:   9.4
      thresh= 2.393E-05 alpha_mix =  0.700 |ddv_scf|^2 =  4.842E-10

      iter #   6 total cpu time :   505.7 secs   av.it.:   9.5
      thresh= 2.200E-06 alpha_mix =  0.700 |ddv_scf|^2 =  3.036E-14

      iter #   7 total cpu time :   509.2 secs   av.it.:  10.1
      thresh= 1.742E-08 alpha_mix =  0.700 |ddv_scf|^2 =  5.215E-15

     End of self-consistent calculation

     Convergence has been achieved 


     Representation #   3 mode #   3

     Self-consistent Calculation

      iter #   1 total cpu time :   511.8 secs   av.it.:   5.0
      thresh= 1.000E-02 alpha_mix =  0.700 |ddv_scf|^2 =  1.040E-05

      iter #   2 total cpu time :   514.6 secs   av.it.:   7.6
      thresh= 3.225E-04 alpha_mix =  0.700 |ddv_scf|^2 =  9.303E-07

      iter #   3 total cpu time :   517.2 secs   av.it.:   6.8
      thresh= 9.645E-05 alpha_mix =  0.700 |ddv_scf|^2 =  1.280E-10

      iter #   4 total cpu time :   520.6 secs   av.it.:   9.8
      thresh= 1.132E-06 alpha_mix =  0.700 |ddv_scf|^2 =  4.905E-14

      iter #   5 total cpu time :   524.0 secs   av.it.:   9.7
      thresh= 2.215E-08 alpha_mix =  0.700 |ddv_scf|^2 =  1.310E-15

     End of self-consistent calculation

     Convergence has been achieved 


     Representation #   4 mode #   4

     Self-consistent Calculation

      iter #   1 total cpu time :   526.6 secs   av.it.:   5.0
      thresh= 1.000E-02 alpha_mix =  0.700 |ddv_scf|^2 =  1.040E-05

      iter #   2 total cpu time :   529.4 secs   av.it.:   7.6
      thresh= 3.225E-04 alpha_mix =  0.700 |ddv_scf|^2 =  9.303E-07

      iter #   3 total cpu time :   532.0 secs   av.it.:   6.8
      thresh= 9.645E-05 alpha_mix =  0.700 |ddv_scf|^2 =  1.280E-10

      iter #   4 total cpu time :   535.9 secs   av.it.:   9.8
      thresh= 1.132E-06 alpha_mix =  0.700 |ddv_scf|^2 =  4.905E-14

      iter #   5 total cpu time :   542.0 secs   av.it.:   9.7
      thresh= 2.215E-08 alpha_mix =  0.700 |ddv_scf|^2 =  1.310E-15

     End of self-consistent calculation

     Convergence has been achieved 


     Representation #   5 mode #   5

     Self-consistent Calculation

      iter #   1 total cpu time :   547.1 secs   av.it.:   5.8
      thresh= 1.000E-02 alpha_mix =  0.700 |ddv_scf|^2 =  1.933E-05

      iter #   2 total cpu time :   551.8 secs   av.it.:   7.7
      thresh= 4.397E-04 alpha_mix =  0.700 |ddv_scf|^2 =  1.737E-06

      iter #   3 total cpu time :   555.5 secs   av.it.:   7.2
      thresh= 1.318E-04 alpha_mix =  0.700 |ddv_scf|^2 =  1.616E-09

      iter #   4 total cpu time :   560.1 secs   av.it.:   9.8
      thresh= 4.020E-06 alpha_mix =  0.700 |ddv_scf|^2 =  4.686E-13

      iter #   5 total cpu time :   564.6 secs   av.it.:   9.7
      thresh= 6.846E-08 alpha_mix =  0.700 |ddv_scf|^2 =  1.847E-14

      iter #   6 total cpu time :   569.5 secs   av.it.:   9.7
      thresh= 1.359E-08 alpha_mix =  0.700 |ddv_scf|^2 =  3.771E-17

     End of self-consistent calculation

     Convergence has been achieved 


     Representation #   6 mode #   6

     Self-consistent Calculation

      iter #   1 total cpu time :   574.1 secs   av.it.:   5.8
      thresh= 1.000E-02 alpha_mix =  0.700 |ddv_scf|^2 =  1.933E-05

      iter #   2 total cpu time :   579.3 secs   av.it.:   7.7
      thresh= 4.397E-04 alpha_mix =  0.700 |ddv_scf|^2 =  1.737E-06

      iter #   3 total cpu time :   584.7 secs   av.it.:   7.2
      thresh= 1.318E-04 alpha_mix =  0.700 |ddv_scf|^2 =  1.616E-09

      iter #   4 total cpu time :   591.3 secs   av.it.:   9.8
      thresh= 4.020E-06 alpha_mix =  0.700 |ddv_scf|^2 =  4.686E-13

      iter #   5 total cpu time :   597.9 secs   av.it.:   9.7
      thresh= 6.846E-08 alpha_mix =  0.700 |ddv_scf|^2 =  1.847E-14

      iter #   6 total cpu time :   604.6 secs   av.it.:   9.7
      thresh= 1.359E-08 alpha_mix =  0.700 |ddv_scf|^2 =  3.771E-17

     End of self-consistent calculation

     Convergence has been achieved 
 
     Number of q in the star =    6
     List of q in the star:
          1   0.000000000   0.494871659   0.000000000
          2  -0.428571429   0.247435830   0.000000000
          3   0.428571429   0.247435830   0.000000000
          4  -0.428571429  -0.247435830   0.000000000
          5   0.428571429  -0.247435830   0.000000000
          6   0.000000000  -0.494871659   0.000000000

     Diagonalizing the dynamical matrix

     q = (    0.000000000   0.494871659   0.000000000 ) 

 **************************************************************************
     freq (    1) =      12.451989 [THz] =     415.353638 [cm-1]
     freq (    2) =      18.282352 [THz] =     609.833628 [cm-1]
     freq (    3) =      20.993721 [THz] =     700.275139 [cm-1]
     freq (    4) =      35.914320 [THz] =    1197.972753 [cm-1]
     freq (    5) =      41.500242 [THz] =    1384.299054 [cm-1]
     freq (    6) =      42.727236 [THz] =    1425.227172 [cm-1]
 **************************************************************************

     Mode symmetry, C_2v (mm2)  point group:

     freq (   1-   1) =        415.4  [cm-1]   --> B_2  D_4  S_4      
     freq (   2-   2) =        609.8  [cm-1]   --> B_1  D_3  S_3      
     freq (   3-   3) =        700.3  [cm-1]   --> B_2  D_4  S_4      
     freq (   4-   4) =       1198.0  [cm-1]   --> A_1  D_1  S_1      
     freq (   5-   5) =       1384.3  [cm-1]   --> B_1  D_3  S_3      
     freq (   6-   6) =       1425.2  [cm-1]   --> A_1  D_1  S_1      

     Calculation of q =    0.1428571   0.2474358   0.0000000
 
     Parallelization info
     --------------------
     sticks:   dense  smooth     PW     G-vecs:    dense   smooth      PW
     Min          49      49     16                 7111     7111    1271
     Max          50      50     18                 7132     7132    1280
     Sum         595     595    199                85433    85433   15295
 
     Using Slab Decomposition
 

     Title: 
     Phonon graphene                                                            


     bravais-lattice index     =            0
     lattice parameter (alat)  =       4.6588  a.u.
     unit-cell volume          =     632.2598 (a.u.)^3
     number of atoms/cell      =            2
     number of atomic types    =            1
     number of electrons       =         8.00
     number of Kohn-Sham states=            8
     kinetic-energy cutoff     =     100.0000  Ry
     charge density cutoff     =     400.0000  Ry
     Exchange-correlation= PW
                           (   1   4   0   0   0   0   0)

     celldm(1)=   4.658789  celldm(2)=   0.000000  celldm(3)=   0.000000
     celldm(4)=   0.000000  celldm(5)=   0.000000  celldm(6)=   0.000000

     crystal axes: (cart. coord. in units of alat)
               a(1) = (   1.000000   0.000000   0.000000 )  
               a(2) = (  -0.500000   0.866025   0.000000 )  
               a(3) = (   0.000000   0.000000   7.220143 )  

     reciprocal axes: (cart. coord. in units 2 pi/alat)
               b(1) = (  1.000000  0.577350  0.000000 )  
               b(2) = (  0.000000  1.154701  0.000000 )  
               b(3) = (  0.000000  0.000000  0.138501 )  


     PseudoPot. # 1 for C  read from file:
     ./C.upf
     MD5 check sum: 1b594deb0bcc8b4bffb8cfaf75c62b92
     Pseudo is Projector augmented-wave + core cor, Zval =  4.0
     Generated using ATOMPAW code
     Shape of augmentation charge: SINC**2
     Using radial grid of 2342 points,  4 beta functions with: 
                l(1) =   0
                l(2) =   0
                l(3) =   1
                l(4) =   1
     Q(r) pseudized with 0 coefficients 


     atomic species   valence    mass     pseudopotential
     C                 4.00    12.01070     C ( 1.00)

     24 Sym. Ops., with inversion, found



   Cartesian axes

     site n.     atom                  positions (alat units)
         1        C      tau(   1) = (  -0.0000000   0.5773503   3.6100717  )
         2        C      tau(   2) = (   0.5000000   0.2886751   3.6100717  )

     number of k points=   812  Marzari-Vanderbilt smearing, width (Ry)=  0.0200

     Number of k-points >= 100: set verbosity='high' to print them.

     Dense  grid:    85433 G-vectors     FFT dimensions: (  30,  30, 216)

     Estimated max dynamical RAM per process >       7.80 MB

     Estimated total dynamical RAM >      93.57 MB
 ----2D----2D----2D----2D----2D----2D----2D----2D----2D----2D----2D----2D
  The code is running with the 2D cutoff
  Please refer to:
  Sohier, T., Calandra, M., & Mauri, F. (2017), 
  Density functional perturbation theory for gated two-dimensional heterostructu
 res:
  Theoretical developments and application to flexural phonons in graphene.
  Physical Review B, 96(7), 75448. https://doi.org/10.1103/PhysRevB.96.075448
 ----2D----2D----2D----2D----2D----2D----2D----2D----2D----2D----2D----2D

     Check: negative core charge=   -0.000011

     The potential is recalculated from file :
     ./tmp/_ph0/graphene.q_5/graphene.save/charge-density


     negative rho (up, down):  4.548E-05 0.000E+00
     Starting wfcs are   16 atomic wfcs
     Checking if some PAW data can be deallocated... 

     Band Structure Calculation
     Davidson diagonalization with overlap

     ethr =  1.25E-10,  avg # of iterations = 25.2

     total cpu time spent up to now is      125.1 secs

     End of band structure calculation

     Number of k-points >= 100: set verbosity='high' to print the bands.

     the Fermi energy is    -4.6898 ev

     Writing config to output data dir ./tmp/_ph0/graphene.q_5/graphene.save/ :
     XML data file

     Phonon graphene                                                            

     bravais-lattice index     =            0
     lattice parameter (alat)  =       4.6588  a.u.
     unit-cell volume          =     632.2598 (a.u.)^3
     number of atoms/cell      =            2
     number of atomic types    =            1
     kinetic-energy cut-off    =     100.0000  Ry
     charge density cut-off    =     400.0000  Ry
     convergence threshold     =      1.0E-14
     beta                      =       0.7000
     number of iterations used =            4
     Exchange-correlation= PW
                           (   1   4   0   0   0   0   0)


     celldm(1)=    4.65879  celldm(2)=    0.00000  celldm(3)=    0.00000
     celldm(4)=    0.00000  celldm(5)=    0.00000  celldm(6)=    0.00000

     crystal axes: (cart. coord. in units of alat)
               a(1) = (  1.0000  0.0000  0.0000 )  
               a(2) = ( -0.5000  0.8660  0.0000 )  
               a(3) = (  0.0000  0.0000  7.2201 )  

     reciprocal axes: (cart. coord. in units 2 pi/alat)
               b(1) = (  1.0000  0.5774  0.0000 )  
               b(2) = (  0.0000  1.1547  0.0000 )  
               b(3) = (  0.0000  0.0000  0.1385 )  


     Atoms inside the unit cell: 

     Cartesian axes

     site n.  atom      mass           positions (alat units)
        1  C      12.0107   tau(    1) = (   -0.00000    0.57735    3.61007  )
        2  C      12.0107   tau(    2) = (    0.50000    0.28868    3.61007  )

     Computing dynamical matrix for 
                    q = (   0.1428571   0.2474358   0.0000000 )
 
      4 Sym.Ops. (no q -> -q+G )


     G cutoff =  219.9107  (   7111 G-vectors)     FFT grid: ( 30, 30,216)

     number of k points=   812  Marzari-Vanderbilt smearing, width (Ry)=  0.0200

     PseudoPot. # 1 for C  read from file:
     ./C.upf
     MD5 check sum: 1b594deb0bcc8b4bffb8cfaf75c62b92
     Pseudo is Projector augmented-wave + core cor, Zval =  4.0
     Generated using ATOMPAW code
     Shape of augmentation charge: SINC**2
     Using radial grid of 2342 points,  4 beta functions with: 
                l(1) =   0
                l(2) =   0
                l(3) =   1
                l(4) =   1
     Q(r) pseudized with 0 coefficients 


     Mode symmetry, C_2v (mm2)  point group:


     Atomic displacements:
     There are    6 irreducible representations

     Representation     1      1 modes -  To be done

     Representation     2      1 modes -  To be done

     Representation     3      1 modes -  To be done

     Representation     4      1 modes -  To be done

     Representation     5      1 modes -  To be done

     Representation     6      1 modes -  To be done



     Alpha used in Ewald sum =   2.8000

     negative rho (up, down):  4.548E-05 0.000E+00
     PHONON       :  10m16.68s CPU  10m48.12s WALL



     Representation #   1 mode #   1

     Self-consistent Calculation

      iter #   1 total cpu time :   653.3 secs   av.it.:   5.8
      thresh= 1.000E-02 alpha_mix =  0.700 |ddv_scf|^2 =  1.796E-05

      iter #   2 total cpu time :   659.5 secs   av.it.:   9.0
      thresh= 4.238E-04 alpha_mix =  0.700 |ddv_scf|^2 =  3.498E-05

      iter #   3 total cpu time :   665.4 secs   av.it.:   8.3
      thresh= 5.914E-04 alpha_mix =  0.700 |ddv_scf|^2 =  1.834E-06

      iter #   4 total cpu time :   671.1 secs   av.it.:   8.2
      thresh= 1.354E-04 alpha_mix =  0.700 |ddv_scf|^2 =  2.184E-09

      iter #   5 total cpu time :   677.4 secs   av.it.:   9.2
      thresh= 4.674E-06 alpha_mix =  0.700 |ddv_scf|^2 =  2.722E-11

      iter #   6 total cpu time :   683.4 secs   av.it.:   8.3
      thresh= 5.217E-07 alpha_mix =  0.700 |ddv_scf|^2 =  7.405E-15

     End of self-consistent calculation

     Convergence has been achieved 


     Representation #   2 mode #   2

     Self-consistent Calculation

      iter #   1 total cpu time :   688.8 secs   av.it.:   5.7
      thresh= 1.000E-02 alpha_mix =  0.700 |ddv_scf|^2 =  2.196E-05

      iter #   2 total cpu time :   695.0 secs   av.it.:   9.0
      thresh= 4.687E-04 alpha_mix =  0.700 |ddv_scf|^2 =  4.808E-05

      iter #   3 total cpu time :   700.8 secs   av.it.:   8.3
      thresh= 6.934E-04 alpha_mix =  0.700 |ddv_scf|^2 =  1.743E-06

      iter #   4 total cpu time :   706.6 secs   av.it.:   8.1
      thresh= 1.320E-04 alpha_mix =  0.700 |ddv_scf|^2 =  5.025E-10

      iter #   5 total cpu time :   713.0 secs   av.it.:   9.4
      thresh= 2.242E-06 alpha_mix =  0.700 |ddv_scf|^2 =  7.669E-13

      iter #   6 total cpu time :   719.5 secs   av.it.:   9.6
      thresh= 8.757E-08 alpha_mix =  0.700 |ddv_scf|^2 =  1.677E-14

      iter #   7 total cpu time :   725.9 secs   av.it.:   9.4
      thresh= 1.295E-08 alpha_mix =  0.700 |ddv_scf|^2 =  2.377E-14

      iter #   8 total cpu time :   731.8 secs   av.it.:   8.3
      thresh= 1.542E-08 alpha_mix =  0.700 |ddv_scf|^2 =  2.747E-16

     End of self-consistent calculation

     Convergence has been achieved 


     Representation #   3 mode #   3

     Self-consistent Calculation

      iter #   1 total cpu time :   736.5 secs   av.it.:   4.7
      thresh= 1.000E-02 alpha_mix =  0.700 |ddv_scf|^2 =  3.356E-06

      iter #   2 total cpu time :   741.9 secs   av.it.:   7.1
      thresh= 1.832E-04 alpha_mix =  0.700 |ddv_scf|^2 =  3.014E-07

      iter #   3 total cpu time :   746.8 secs   av.it.:   6.4
      thresh= 5.490E-05 alpha_mix =  0.700 |ddv_scf|^2 =  3.780E-12

      iter #   4 total cpu time :   753.4 secs   av.it.:   9.7
      thresh= 1.944E-07 alpha_mix =  0.700 |ddv_scf|^2 =  1.652E-14

      iter #   5 total cpu time :   759.9 secs   av.it.:   9.5
      thresh= 1.285E-08 alpha_mix =  0.700 |ddv_scf|^2 =  3.059E-16

     End of self-consistent calculation

     Convergence has been achieved 


     Representation #   4 mode #   4

     Self-consistent Calculation

      iter #   1 total cpu time :   764.9 secs   av.it.:   5.1
      thresh= 1.000E-02 alpha_mix =  0.700 |ddv_scf|^2 =  1.137E-05

      iter #   2 total cpu time :   770.7 secs   av.it.:   8.1
      thresh= 3.372E-04 alpha_mix =  0.700 |ddv_scf|^2 =  1.075E-06

      iter #   3 total cpu time :   777.0 secs   av.it.:   9.2
      thresh= 1.037E-04 alpha_mix =  0.700 |ddv_scf|^2 =  2.252E-07

      iter #   4 total cpu time :   783.4 secs   av.it.:   9.4
      thresh= 4.746E-05 alpha_mix =  0.700 |ddv_scf|^2 =  1.770E-10

      iter #   5 total cpu time :   789.9 secs   av.it.:   9.5
      thresh= 1.331E-06 alpha_mix =  0.700 |ddv_scf|^2 =  3.197E-14

      iter #   6 total cpu time :   796.6 secs   av.it.:  10.0
      thresh= 1.788E-08 alpha_mix =  0.700 |ddv_scf|^2 =  2.534E-16

     End of self-consistent calculation

     Convergence has been achieved 


     Representation #   5 mode #   5

     Self-consistent Calculation

      iter #   1 total cpu time :   801.6 secs   av.it.:   5.0
      thresh= 1.000E-02 alpha_mix =  0.700 |ddv_scf|^2 =  9.800E-06

      iter #   2 total cpu time :   807.1 secs   av.it.:   7.8
      thresh= 3.130E-04 alpha_mix =  0.700 |ddv_scf|^2 =  9.037E-07

      iter #   3 total cpu time :   813.3 secs   av.it.:   8.9
      thresh= 9.506E-05 alpha_mix =  0.700 |ddv_scf|^2 =  1.027E-07

      iter #   4 total cpu time :   819.7 secs   av.it.:   9.4
      thresh= 3.205E-05 alpha_mix =  0.700 |ddv_scf|^2 =  9.326E-11

      iter #   5 total cpu time :   826.2 secs   av.it.:   9.5
      thresh= 9.657E-07 alpha_mix =  0.700 |ddv_scf|^2 =  2.097E-14

      iter #   6 total cpu time :   832.9 secs   av.it.:  10.1
      thresh= 1.448E-08 alpha_mix =  0.700 |ddv_scf|^2 =  1.848E-16

     End of self-consistent calculation

     Convergence has been achieved 


     Representation #   6 mode #   6

     Self-consistent Calculation

      iter #   1 total cpu time :   838.2 secs   av.it.:   5.9
      thresh= 1.000E-02 alpha_mix =  0.700 |ddv_scf|^2 =  3.290E-05

      iter #   2 total cpu time :   844.1 secs   av.it.:   8.2
      thresh= 5.736E-04 alpha_mix =  0.700 |ddv_scf|^2 =  3.108E-06

      iter #   3 total cpu time :   850.1 secs   av.it.:   8.7
      thresh= 1.763E-04 alpha_mix =  0.700 |ddv_scf|^2 =  2.100E-07

      iter #   4 total cpu time :   856.5 secs   av.it.:   9.2
      thresh= 4.583E-05 alpha_mix =  0.700 |ddv_scf|^2 =  7.671E-13

      iter #   5 total cpu time :   862.7 secs   av.it.:   9.1
      thresh= 8.758E-08 alpha_mix =  0.700 |ddv_scf|^2 =  5.284E-14

      iter #   6 total cpu time :   869.1 secs   av.it.:   9.2
      thresh= 2.299E-08 alpha_mix =  0.700 |ddv_scf|^2 =  4.234E-16

     End of self-consistent calculation

     Convergence has been achieved 
 
     Number of q in the star =    6
     List of q in the star:
          1   0.142857143   0.247435830   0.000000000
          2  -0.142857143   0.247435830   0.000000000
          3   0.285714286   0.000000000   0.000000000
          4  -0.285714286   0.000000000   0.000000000
          5   0.142857143  -0.247435830   0.000000000
          6  -0.142857143  -0.247435830   0.000000000

     Diagonalizing the dynamical matrix

     q = (    0.142857143   0.247435830   0.000000000 ) 

 **************************************************************************
     freq (    1) =       4.316459 [THz] =     143.981578 [cm-1]
     freq (    2) =      15.444142 [THz] =     515.161121 [cm-1]
     freq (    3) =      22.051947 [THz] =     735.573780 [cm-1]
     freq (    4) =      25.365237 [THz] =     846.093226 [cm-1]
     freq (    5) =      43.329675 [THz] =    1445.322398 [cm-1]
     freq (    6) =      47.031864 [THz] =    1568.814114 [cm-1]
 **************************************************************************

     Mode symmetry, C_2v (mm2)  point group:

     freq (   1-   1) =        144.0  [cm-1]   --> B_2  D_4  S_4      
     freq (   2-   2) =        515.2  [cm-1]   --> B_1  D_3  S_3      
     freq (   3-   3) =        735.6  [cm-1]   --> A_1  D_1  S_1      
     freq (   4-   4) =        846.1  [cm-1]   --> A_2  D_2  S_2      
     freq (   5-   5) =       1445.3  [cm-1]   --> A_1  D_1  S_1      
     freq (   6-   6) =       1568.8  [cm-1]   --> B_1  D_3  S_3      

     Calculation of q =    0.1428571   0.4123930   0.0000000
 
     Parallelization info
     --------------------
     sticks:   dense  smooth     PW     G-vecs:    dense   smooth      PW
     Min          49      49     16                 7111     7111    1332
     Max          50      50     17                 7132     7132    1357
     Sum         595     595    199                85433    85433   16161
 
     Using Slab Decomposition
 

     Title: 
     Phonon graphene                                                            


     bravais-lattice index     =            0
     lattice parameter (alat)  =       4.6588  a.u.
     unit-cell volume          =     632.2598 (a.u.)^3
     number of atoms/cell      =            2
     number of atomic types    =            1
     number of electrons       =         8.00
     number of Kohn-Sham states=            8
     kinetic-energy cutoff     =     100.0000  Ry
     charge density cutoff     =     400.0000  Ry
     Exchange-correlation= PW
                           (   1   4   0   0   0   0   0)

     celldm(1)=   4.658789  celldm(2)=   0.000000  celldm(3)=   0.000000
     celldm(4)=   0.000000  celldm(5)=   0.000000  celldm(6)=   0.000000

     crystal axes: (cart. coord. in units of alat)
               a(1) = (   1.000000   0.000000   0.000000 )  
               a(2) = (  -0.500000   0.866025   0.000000 )  
               a(3) = (   0.000000   0.000000   7.220143 )  

     reciprocal axes: (cart. coord. in units 2 pi/alat)
               b(1) = (  1.000000  0.577350  0.000000 )  
               b(2) = (  0.000000  1.154701  0.000000 )  
               b(3) = (  0.000000  0.000000  0.138501 )  


     PseudoPot. # 1 for C  read from file:
     ./C.upf
     MD5 check sum: 1b594deb0bcc8b4bffb8cfaf75c62b92
     Pseudo is Projector augmented-wave + core cor, Zval =  4.0
     Generated using ATOMPAW code
     Shape of augmentation charge: SINC**2
     Using radial grid of 2342 points,  4 beta functions with: 
                l(1) =   0
                l(2) =   0
                l(3) =   1
                l(4) =   1
     Q(r) pseudized with 0 coefficients 


     atomic species   valence    mass     pseudopotential
     C                 4.00    12.01070     C ( 1.00)

     24 Sym. Ops., with inversion, found



   Cartesian axes

     site n.     atom                  positions (alat units)
         1        C      tau(   1) = (  -0.0000000   0.5773503   3.6100717  )
         2        C      tau(   2) = (   0.5000000   0.2886751   3.6100717  )

     number of k points=  1568  Marzari-Vanderbilt smearing, width (Ry)=  0.0200

     Number of k-points >= 100: set verbosity='high' to print them.

     Dense  grid:    85433 G-vectors     FFT dimensions: (  30,  30, 216)

     Estimated max dynamical RAM per process >       7.80 MB

     Estimated total dynamical RAM >      93.63 MB
 ----2D----2D----2D----2D----2D----2D----2D----2D----2D----2D----2D----2D
  The code is running with the 2D cutoff
  Please refer to:
  Sohier, T., Calandra, M., & Mauri, F. (2017), 
  Density functional perturbation theory for gated two-dimensional heterostructu
 res:
  Theoretical developments and application to flexural phonons in graphene.
  Physical Review B, 96(7), 75448. https://doi.org/10.1103/PhysRevB.96.075448
 ----2D----2D----2D----2D----2D----2D----2D----2D----2D----2D----2D----2D

     Check: negative core charge=   -0.000011

     The potential is recalculated from file :
     ./tmp/_ph0/graphene.q_6/graphene.save/charge-density


     negative rho (up, down):  4.548E-05 0.000E+00
     Starting wfcs are   16 atomic wfcs
     Checking if some PAW data can be deallocated... 

     Band Structure Calculation
     Davidson diagonalization with overlap

     ethr =  1.25E-10,  avg # of iterations = 25.3

     total cpu time spent up to now is      202.6 secs

     End of band structure calculation

     Number of k-points >= 100: set verbosity='high' to print the bands.

     the Fermi energy is    -4.6898 ev

     Writing config to output data dir ./tmp/_ph0/graphene.q_6/graphene.save/ :
     XML data file

     Phonon graphene                                                            

     bravais-lattice index     =            0
     lattice parameter (alat)  =       4.6588  a.u.
     unit-cell volume          =     632.2598 (a.u.)^3
     number of atoms/cell      =            2
     number of atomic types    =            1
     kinetic-energy cut-off    =     100.0000  Ry
     charge density cut-off    =     400.0000  Ry
     convergence threshold     =      1.0E-14
     beta                      =       0.7000
     number of iterations used =            4
     Exchange-correlation= PW
                           (   1   4   0   0   0   0   0)


     celldm(1)=    4.65879  celldm(2)=    0.00000  celldm(3)=    0.00000
     celldm(4)=    0.00000  celldm(5)=    0.00000  celldm(6)=    0.00000

     crystal axes: (cart. coord. in units of alat)
               a(1) = (  1.0000  0.0000  0.0000 )  
               a(2) = ( -0.5000  0.8660  0.0000 )  
               a(3) = (  0.0000  0.0000  7.2201 )  

     reciprocal axes: (cart. coord. in units 2 pi/alat)
               b(1) = (  1.0000  0.5774  0.0000 )  
               b(2) = (  0.0000  1.1547  0.0000 )  
               b(3) = (  0.0000  0.0000  0.1385 )  


     Atoms inside the unit cell: 

     Cartesian axes

     site n.  atom      mass           positions (alat units)
        1  C      12.0107   tau(    1) = (   -0.00000    0.57735    3.61007  )
        2  C      12.0107   tau(    2) = (    0.50000    0.28868    3.61007  )

     Computing dynamical matrix for 
                    q = (   0.1428571   0.4123930   0.0000000 )
 
      2 Sym.Ops. (no q -> -q+G )


     G cutoff =  219.9107  (   7111 G-vectors)     FFT grid: ( 30, 30,216)

     number of k points=  1568  Marzari-Vanderbilt smearing, width (Ry)=  0.0200

     PseudoPot. # 1 for C  read from file:
     ./C.upf
     MD5 check sum: 1b594deb0bcc8b4bffb8cfaf75c62b92
     Pseudo is Projector augmented-wave + core cor, Zval =  4.0
     Generated using ATOMPAW code
     Shape of augmentation charge: SINC**2
     Using radial grid of 2342 points,  4 beta functions with: 
                l(1) =   0
                l(2) =   0
                l(3) =   1
                l(4) =   1
     Q(r) pseudized with 0 coefficients 


     Mode symmetry, C_s (m)     point group:


     Atomic displacements:
     There are    6 irreducible representations

     Representation     1      1 modes -  To be done

     Representation     2      1 modes -  To be done

     Representation     3      1 modes -  To be done

     Representation     4      1 modes -  To be done

     Representation     5      1 modes -  To be done

     Representation     6      1 modes -  To be done



     Alpha used in Ewald sum =   2.8000

     negative rho (up, down):  4.548E-05 0.000E+00
     PHONON       :  14m44.56s CPU  15m52.81s WALL



     Representation #   1 mode #   1

     Self-consistent Calculation

      iter #   1 total cpu time :   962.3 secs   av.it.:   5.3
      thresh= 1.000E-02 alpha_mix =  0.700 |ddv_scf|^2 =  1.041E-05

      iter #   2 total cpu time :   973.4 secs   av.it.:   8.2
      thresh= 3.226E-04 alpha_mix =  0.700 |ddv_scf|^2 =  9.549E-07

      iter #   3 total cpu time :   985.4 secs   av.it.:   9.0
      thresh= 9.772E-05 alpha_mix =  0.700 |ddv_scf|^2 =  9.110E-08

      iter #   4 total cpu time :   998.3 secs   av.it.:   9.7
      thresh= 3.018E-05 alpha_mix =  0.700 |ddv_scf|^2 =  4.197E-09

      iter #   5 total cpu time :  1010.6 secs   av.it.:   9.5
      thresh= 6.479E-06 alpha_mix =  0.700 |ddv_scf|^2 =  5.727E-10

      iter #   6 total cpu time :  1022.7 secs   av.it.:   9.3
      thresh= 2.393E-06 alpha_mix =  0.700 |ddv_scf|^2 =  4.368E-12

      iter #   7 total cpu time :  1034.8 secs   av.it.:   9.0
      thresh= 2.090E-07 alpha_mix =  0.700 |ddv_scf|^2 =  4.034E-15

     End of self-consistent calculation

     Convergence has been achieved 


     Representation #   2 mode #   2

     Self-consistent Calculation

      iter #   1 total cpu time :  1044.8 secs   av.it.:   5.8
      thresh= 1.000E-02 alpha_mix =  0.700 |ddv_scf|^2 =  1.362E-05

      iter #   2 total cpu time :  1056.8 secs   av.it.:   9.2
      thresh= 3.690E-04 alpha_mix =  0.700 |ddv_scf|^2 =  6.619E-06

      iter #   3 total cpu time :  1069.5 secs   av.it.:   9.4
      thresh= 2.573E-04 alpha_mix =  0.700 |ddv_scf|^2 =  2.893E-06

      iter #   4 total cpu time :  1081.2 secs   av.it.:   8.8
      thresh= 1.701E-04 alpha_mix =  0.700 |ddv_scf|^2 =  3.748E-08

      iter #   5 total cpu time :  1093.7 secs   av.it.:   9.6
      thresh= 1.936E-05 alpha_mix =  0.700 |ddv_scf|^2 =  6.131E-10

      iter #   6 total cpu time :  1106.4 secs   av.it.:   9.6
      thresh= 2.476E-06 alpha_mix =  0.700 |ddv_scf|^2 =  3.641E-13

      iter #   7 total cpu time :  1119.0 secs   av.it.:   9.7
      thresh= 6.034E-08 alpha_mix =  0.700 |ddv_scf|^2 =  2.831E-15

     End of self-consistent calculation

     Convergence has been achieved 


     Representation #   3 mode #   3

     Self-consistent Calculation

      iter #   1 total cpu time :  1128.8 secs   av.it.:   5.4
      thresh= 1.000E-02 alpha_mix =  0.700 |ddv_scf|^2 =  1.101E-05

      iter #   2 total cpu time :  1140.6 secs   av.it.:   8.7
      thresh= 3.317E-04 alpha_mix =  0.700 |ddv_scf|^2 =  2.213E-06

      iter #   3 total cpu time :  1153.1 secs   av.it.:   9.6
      thresh= 1.488E-04 alpha_mix =  0.700 |ddv_scf|^2 =  3.200E-06

      iter #   4 total cpu time :  1164.8 secs   av.it.:   8.8
      thresh= 1.789E-04 alpha_mix =  0.700 |ddv_scf|^2 =  8.516E-09

      iter #   5 total cpu time :  1177.4 secs   av.it.:   9.7
      thresh= 9.228E-06 alpha_mix =  0.700 |ddv_scf|^2 =  4.910E-10

      iter #   6 total cpu time :  1189.8 secs   av.it.:   9.5
      thresh= 2.216E-06 alpha_mix =  0.700 |ddv_scf|^2 =  1.118E-12

      iter #   7 total cpu time :  1202.5 secs   av.it.:   9.7
      thresh= 1.057E-07 alpha_mix =  0.700 |ddv_scf|^2 =  3.601E-15

     End of self-consistent calculation

     Convergence has been achieved 


     Representation #   4 mode #   4

     Self-consistent Calculation

      iter #   1 total cpu time :  1212.6 secs   av.it.:   5.9
      thresh= 1.000E-02 alpha_mix =  0.700 |ddv_scf|^2 =  1.421E-05

      iter #   2 total cpu time :  1224.7 secs   av.it.:   9.2
      thresh= 3.770E-04 alpha_mix =  0.700 |ddv_scf|^2 =  7.876E-06

      iter #   3 total cpu time :  1236.9 secs   av.it.:   9.3
      thresh= 2.806E-04 alpha_mix =  0.700 |ddv_scf|^2 =  2.736E-06

      iter #   4 total cpu time :  1248.8 secs   av.it.:   8.8
      thresh= 1.654E-04 alpha_mix =  0.700 |ddv_scf|^2 =  3.974E-08

      iter #   5 total cpu time :  1261.2 secs   av.it.:   9.5
      thresh= 1.993E-05 alpha_mix =  0.700 |ddv_scf|^2 =  4.116E-10

      iter #   6 total cpu time :  1273.8 secs   av.it.:   9.7
      thresh= 2.029E-06 alpha_mix =  0.700 |ddv_scf|^2 =  6.926E-13

      iter #   7 total cpu time :  1286.4 secs   av.it.:   9.7
      thresh= 8.322E-08 alpha_mix =  0.700 |ddv_scf|^2 =  2.852E-15

     End of self-consistent calculation

     Convergence has been achieved 


     Representation #   5 mode #   5

     Self-consistent Calculation

      iter #   1 total cpu time :  1296.3 secs   av.it.:   5.7
      thresh= 1.000E-02 alpha_mix =  0.700 |ddv_scf|^2 =  1.877E-05

      iter #   2 total cpu time :  1307.0 secs   av.it.:   7.9
      thresh= 4.332E-04 alpha_mix =  0.700 |ddv_scf|^2 =  1.686E-06

      iter #   3 total cpu time :  1317.8 secs   av.it.:   7.8
      thresh= 1.298E-04 alpha_mix =  0.700 |ddv_scf|^2 =  4.701E-09

      iter #   4 total cpu time :  1330.5 secs   av.it.:   9.7
      thresh= 6.857E-06 alpha_mix =  0.700 |ddv_scf|^2 =  4.775E-13

      iter #   5 total cpu time :  1343.2 secs   av.it.:   9.7
      thresh= 6.910E-08 alpha_mix =  0.700 |ddv_scf|^2 =  1.978E-14

      iter #   6 total cpu time :  1355.9 secs   av.it.:   9.8
      thresh= 1.406E-08 alpha_mix =  0.700 |ddv_scf|^2 =  5.094E-17

     End of self-consistent calculation

     Convergence has been achieved 


     Representation #   6 mode #   6

     Self-consistent Calculation

      iter #   1 total cpu time :  1365.8 secs   av.it.:   5.7
      thresh= 1.000E-02 alpha_mix =  0.700 |ddv_scf|^2 =  1.877E-05

      iter #   2 total cpu time :  1376.5 secs   av.it.:   7.9
      thresh= 4.332E-04 alpha_mix =  0.700 |ddv_scf|^2 =  1.686E-06

      iter #   3 total cpu time :  1387.2 secs   av.it.:   7.8
      thresh= 1.298E-04 alpha_mix =  0.700 |ddv_scf|^2 =  4.701E-09

      iter #   4 total cpu time :  1399.8 secs   av.it.:   9.7
      thresh= 6.857E-06 alpha_mix =  0.700 |ddv_scf|^2 =  4.775E-13

      iter #   5 total cpu time :  1412.4 secs   av.it.:   9.7
      thresh= 6.910E-08 alpha_mix =  0.700 |ddv_scf|^2 =  1.978E-14

      iter #   6 total cpu time :  1425.2 secs   av.it.:   9.8
      thresh= 1.406E-08 alpha_mix =  0.700 |ddv_scf|^2 =  5.094E-17

     End of self-consistent calculation

     Convergence has been achieved 
 
     Number of q in the star =   12
     List of q in the star:
          1   0.142857143   0.412393049   0.000000000
          2   0.285714286   0.329914440   0.000000000
          3  -0.285714286   0.329914440   0.000000000
          4   0.428571429   0.082478610   0.000000000
          5  -0.428571429  -0.082478610   0.000000000
          6   0.285714286  -0.329914440   0.000000000
          7  -0.285714286  -0.329914440   0.000000000
          8   0.428571429  -0.082478610   0.000000000
          9  -0.428571429   0.082478610   0.000000000
         10  -0.142857143   0.412393049   0.000000000
         11  -0.142857143  -0.412393049   0.000000000
         12   0.142857143  -0.412393049   0.000000000

     Diagonalizing the dynamical matrix

     q = (    0.142857143   0.412393049   0.000000000 ) 

 **************************************************************************
     freq (    1) =       9.749459 [THz] =     325.206942 [cm-1]
     freq (    2) =      20.877405 [THz] =     696.395268 [cm-1]
     freq (    3) =      22.539710 [THz] =     751.843810 [cm-1]
     freq (    4) =      30.925294 [THz] =    1031.556765 [cm-1]
     freq (    5) =      41.437948 [THz] =    1382.221163 [cm-1]
     freq (    6) =      44.091874 [THz] =    1470.746611 [cm-1]
 **************************************************************************

     Mode symmetry, C_s (m)     point group:

     freq (   1-   1) =        325.2  [cm-1]   --> A''                
     freq (   2-   2) =        696.4  [cm-1]   --> A'                 
     freq (   3-   3) =        751.8  [cm-1]   --> A''                
     freq (   4-   4) =       1031.6  [cm-1]   --> A'                 
     freq (   5-   5) =       1382.2  [cm-1]   --> A'                 
     freq (   6-   6) =       1470.7  [cm-1]   --> A'                 

     Calculation of q =    0.1428571   0.5773503   0.0000000
 
     Parallelization info
     --------------------
     sticks:   dense  smooth     PW     G-vecs:    dense   smooth      PW
     Min          49      49     16                 7111     7111    1392
     Max          50      50     17                 7132     7132    1425
     Sum         595     595    199                85433    85433   16943
 
     Using Slab Decomposition
 

     Title: 
     Phonon graphene                                                            


     bravais-lattice index     =            0
     lattice parameter (alat)  =       4.6588  a.u.
     unit-cell volume          =     632.2598 (a.u.)^3
     number of atoms/cell      =            2
     number of atomic types    =            1
     number of electrons       =         8.00
     number of Kohn-Sham states=            8
     kinetic-energy cutoff     =     100.0000  Ry
     charge density cutoff     =     400.0000  Ry
     Exchange-correlation= PW
                           (   1   4   0   0   0   0   0)

     celldm(1)=   4.658789  celldm(2)=   0.000000  celldm(3)=   0.000000
     celldm(4)=   0.000000  celldm(5)=   0.000000  celldm(6)=   0.000000

     crystal axes: (cart. coord. in units of alat)
               a(1) = (   1.000000   0.000000   0.000000 )  
               a(2) = (  -0.500000   0.866025   0.000000 )  
               a(3) = (   0.000000   0.000000   7.220143 )  

     reciprocal axes: (cart. coord. in units 2 pi/alat)
               b(1) = (  1.000000  0.577350  0.000000 )  
               b(2) = (  0.000000  1.154701  0.000000 )  
               b(3) = (  0.000000  0.000000  0.138501 )  


     PseudoPot. # 1 for C  read from file:
     ./C.upf
     MD5 check sum: 1b594deb0bcc8b4bffb8cfaf75c62b92
     Pseudo is Projector augmented-wave + core cor, Zval =  4.0
     Generated using ATOMPAW code
     Shape of augmentation charge: SINC**2
     Using radial grid of 2342 points,  4 beta functions with: 
                l(1) =   0
                l(2) =   0
                l(3) =   1
                l(4) =   1
     Q(r) pseudized with 0 coefficients 


     atomic species   valence    mass     pseudopotential
     C                 4.00    12.01070     C ( 1.00)

     24 Sym. Ops., with inversion, found



   Cartesian axes

     site n.     atom                  positions (alat units)
         1        C      tau(   1) = (  -0.0000000   0.5773503   3.6100717  )
         2        C      tau(   2) = (   0.5000000   0.2886751   3.6100717  )

     number of k points=   812  Marzari-Vanderbilt smearing, width (Ry)=  0.0200

     Number of k-points >= 100: set verbosity='high' to print them.

     Dense  grid:    85433 G-vectors     FFT dimensions: (  30,  30, 216)

     Estimated max dynamical RAM per process >       7.81 MB

     Estimated total dynamical RAM >      93.67 MB
 ----2D----2D----2D----2D----2D----2D----2D----2D----2D----2D----2D----2D
  The code is running with the 2D cutoff
  Please refer to:
  Sohier, T., Calandra, M., & Mauri, F. (2017), 
  Density functional perturbation theory for gated two-dimensional heterostructu
 res:
  Theoretical developments and application to flexural phonons in graphene.
  Physical Review B, 96(7), 75448. https://doi.org/10.1103/PhysRevB.96.075448
 ----2D----2D----2D----2D----2D----2D----2D----2D----2D----2D----2D----2D

     Check: negative core charge=   -0.000011

     The potential is recalculated from file :
     ./tmp/_ph0/graphene.q_7/graphene.save/charge-density


     negative rho (up, down):  4.548E-05 0.000E+00
     Starting wfcs are   16 atomic wfcs
     Checking if some PAW data can be deallocated... 

     Band Structure Calculation
     Davidson diagonalization with overlap

     ethr =  1.25E-10,  avg # of iterations = 25.2

     total cpu time spent up to now is      242.6 secs

     End of band structure calculation

     Number of k-points >= 100: set verbosity='high' to print the bands.

     the Fermi energy is    -4.6898 ev

     Writing config to output data dir ./tmp/_ph0/graphene.q_7/graphene.save/ :
     XML data file

     Phonon graphene                                                            

     bravais-lattice index     =            0
     lattice parameter (alat)  =       4.6588  a.u.
     unit-cell volume          =     632.2598 (a.u.)^3
     number of atoms/cell      =            2
     number of atomic types    =            1
     kinetic-energy cut-off    =     100.0000  Ry
     charge density cut-off    =     400.0000  Ry
     convergence threshold     =      1.0E-14
     beta                      =       0.7000
     number of iterations used =            4
     Exchange-correlation= PW
                           (   1   4   0   0   0   0   0)


     celldm(1)=    4.65879  celldm(2)=    0.00000  celldm(3)=    0.00000
     celldm(4)=    0.00000  celldm(5)=    0.00000  celldm(6)=    0.00000

     crystal axes: (cart. coord. in units of alat)
               a(1) = (  1.0000  0.0000  0.0000 )  
               a(2) = ( -0.5000  0.8660  0.0000 )  
               a(3) = (  0.0000  0.0000  7.2201 )  

     reciprocal axes: (cart. coord. in units 2 pi/alat)
               b(1) = (  1.0000  0.5774  0.0000 )  
               b(2) = (  0.0000  1.1547  0.0000 )  
               b(3) = (  0.0000  0.0000  0.1385 )  


     Atoms inside the unit cell: 

     Cartesian axes

     site n.  atom      mass           positions (alat units)
        1  C      12.0107   tau(    1) = (   -0.00000    0.57735    3.61007  )
        2  C      12.0107   tau(    2) = (    0.50000    0.28868    3.61007  )

     Computing dynamical matrix for 
                    q = (   0.1428571   0.5773503   0.0000000 )
 
      4 Sym.Ops. (no q -> -q+G )


     G cutoff =  219.9107  (   7111 G-vectors)     FFT grid: ( 30, 30,216)

     number of k points=   812  Marzari-Vanderbilt smearing, width (Ry)=  0.0200

     PseudoPot. # 1 for C  read from file:
     ./C.upf
     MD5 check sum: 1b594deb0bcc8b4bffb8cfaf75c62b92
     Pseudo is Projector augmented-wave + core cor, Zval =  4.0
     Generated using ATOMPAW code
     Shape of augmentation charge: SINC**2
     Using radial grid of 2342 points,  4 beta functions with: 
                l(1) =   0
                l(2) =   0
                l(3) =   1
                l(4) =   1
     Q(r) pseudized with 0 coefficients 


     Mode symmetry, C_2v (mm2)  point group:


     Atomic displacements:
     There are    6 irreducible representations

     Representation     1      1 modes -  To be done

     Representation     2      1 modes -  To be done

     Representation     3      1 modes -  To be done

     Representation     4      1 modes -  To be done

     Representation     5      1 modes -  To be done

     Representation     6      1 modes -  To be done



     Alpha used in Ewald sum =   2.8000

     negative rho (up, down):  4.548E-05 0.000E+00
     PHONON       :  22m15.05s CPU  24m28.60s WALL



     Representation #   1 mode #   1

     Self-consistent Calculation

      iter #   1 total cpu time :  1473.9 secs   av.it.:   6.0
      thresh= 1.000E-02 alpha_mix =  0.700 |ddv_scf|^2 =  9.272E-06

      iter #   2 total cpu time :  1480.2 secs   av.it.:   9.2
      thresh= 3.045E-04 alpha_mix =  0.700 |ddv_scf|^2 =  2.266E-06

      iter #   3 total cpu time :  1486.7 secs   av.it.:   9.6
      thresh= 1.505E-04 alpha_mix =  0.700 |ddv_scf|^2 =  9.123E-07

      iter #   4 total cpu time :  1493.1 secs   av.it.:   9.3
      thresh= 9.552E-05 alpha_mix =  0.700 |ddv_scf|^2 =  6.564E-09

      iter #   5 total cpu time :  1499.6 secs   av.it.:   9.6
      thresh= 8.102E-06 alpha_mix =  0.700 |ddv_scf|^2 =  5.907E-13

      iter #   6 total cpu time :  1506.1 secs   av.it.:   9.5
      thresh= 7.686E-08 alpha_mix =  0.700 |ddv_scf|^2 =  4.241E-15

     End of self-consistent calculation

     Convergence has been achieved 


     Representation #   2 mode #   2

     Self-consistent Calculation

      iter #   1 total cpu time :  1511.2 secs   av.it.:   5.5
      thresh= 1.000E-02 alpha_mix =  0.700 |ddv_scf|^2 =  9.330E-06

      iter #   2 total cpu time :  1517.3 secs   av.it.:   8.7
      thresh= 3.054E-04 alpha_mix =  0.700 |ddv_scf|^2 =  1.151E-06

      iter #   3 total cpu time :  1522.5 secs   av.it.:   9.7
      thresh= 1.073E-04 alpha_mix =  0.700 |ddv_scf|^2 =  8.498E-07

      iter #   4 total cpu time :  1527.0 secs   av.it.:   9.3
      thresh= 9.219E-05 alpha_mix =  0.700 |ddv_scf|^2 =  1.162E-09

      iter #   5 total cpu time :  1531.7 secs   av.it.:   9.8
      thresh= 3.408E-06 alpha_mix =  0.700 |ddv_scf|^2 =  1.458E-11

      iter #   6 total cpu time :  1536.2 secs   av.it.:   9.5
      thresh= 3.819E-07 alpha_mix =  0.700 |ddv_scf|^2 =  2.381E-15

     End of self-consistent calculation

     Convergence has been achieved 


     Representation #   3 mode #   3

     Self-consistent Calculation

      iter #   1 total cpu time :  1539.9 secs   av.it.:   5.7
      thresh= 1.000E-02 alpha_mix =  0.700 |ddv_scf|^2 =  2.758E-05

      iter #   2 total cpu time :  1543.7 secs   av.it.:   7.5
      thresh= 5.252E-04 alpha_mix =  0.700 |ddv_scf|^2 =  2.474E-06

      iter #   3 total cpu time :  1547.4 secs   av.it.:   7.0
      thresh= 1.573E-04 alpha_mix =  0.700 |ddv_scf|^2 =  8.828E-10

      iter #   4 total cpu time :  1552.1 secs   av.it.:   9.8
      thresh= 2.971E-06 alpha_mix =  0.700 |ddv_scf|^2 =  1.592E-13

      iter #   5 total cpu time :  1556.7 secs   av.it.:   9.7
      thresh= 3.990E-08 alpha_mix =  0.700 |ddv_scf|^2 =  8.061E-15

     End of self-consistent calculation

     Convergence has been achieved 


     Representation #   4 mode #   4

     Self-consistent Calculation

      iter #   1 total cpu time :  1560.3 secs   av.it.:   5.2
      thresh= 1.000E-02 alpha_mix =  0.700 |ddv_scf|^2 =  1.237E-05

      iter #   2 total cpu time :  1564.3 secs   av.it.:   7.3
      thresh= 3.516E-04 alpha_mix =  0.700 |ddv_scf|^2 =  1.110E-06

      iter #   3 total cpu time :  1567.7 secs   av.it.:   6.1
      thresh= 1.054E-04 alpha_mix =  0.700 |ddv_scf|^2 =  1.426E-11

      iter #   4 total cpu time :  1572.4 secs   av.it.:   9.6
      thresh= 3.777E-07 alpha_mix =  0.700 |ddv_scf|^2 =  7.933E-14

      iter #   5 total cpu time :  1577.1 secs   av.it.:   9.7
      thresh= 2.817E-08 alpha_mix =  0.700 |ddv_scf|^2 =  5.848E-16

     End of self-consistent calculation

     Convergence has been achieved 


     Representation #   5 mode #   5

     Self-consistent Calculation

      iter #   1 total cpu time :  1580.7 secs   av.it.:   5.2
      thresh= 1.000E-02 alpha_mix =  0.700 |ddv_scf|^2 =  1.542E-05

      iter #   2 total cpu time :  1584.9 secs   av.it.:   8.5
      thresh= 3.927E-04 alpha_mix =  0.700 |ddv_scf|^2 =  2.626E-06

      iter #   3 total cpu time :  1589.5 secs   av.it.:   9.6
      thresh= 1.620E-04 alpha_mix =  0.700 |ddv_scf|^2 =  2.808E-06

      iter #   4 total cpu time :  1594.0 secs   av.it.:   9.2
      thresh= 1.676E-04 alpha_mix =  0.700 |ddv_scf|^2 =  1.548E-11

      iter #   5 total cpu time :  1598.5 secs   av.it.:   9.3
      thresh= 3.934E-07 alpha_mix =  0.700 |ddv_scf|^2 =  2.821E-13

      iter #   6 total cpu time :  1603.5 secs   av.it.:   9.4
      thresh= 5.312E-08 alpha_mix =  0.700 |ddv_scf|^2 =  2.745E-16

     End of self-consistent calculation

     Convergence has been achieved 


     Representation #   6 mode #   6

     Self-consistent Calculation

      iter #   1 total cpu time :  1607.0 secs   av.it.:   5.1
      thresh= 1.000E-02 alpha_mix =  0.700 |ddv_scf|^2 =  1.348E-05

      iter #   2 total cpu time :  1611.2 secs   av.it.:   8.4
      thresh= 3.672E-04 alpha_mix =  0.700 |ddv_scf|^2 =  2.176E-06

      iter #   3 total cpu time :  1615.9 secs   av.it.:   9.6
      thresh= 1.475E-04 alpha_mix =  0.700 |ddv_scf|^2 =  2.371E-06

      iter #   4 total cpu time :  1620.3 secs   av.it.:   9.2
      thresh= 1.540E-04 alpha_mix =  0.700 |ddv_scf|^2 =  1.783E-11

      iter #   5 total cpu time :  1624.8 secs   av.it.:   9.3
      thresh= 4.223E-07 alpha_mix =  0.700 |ddv_scf|^2 =  2.706E-13

      iter #   6 total cpu time :  1629.4 secs   av.it.:   9.5
      thresh= 5.202E-08 alpha_mix =  0.700 |ddv_scf|^2 =  4.288E-16

     End of self-consistent calculation

     Convergence has been achieved 
 
     Number of q in the star =    6
     List of q in the star:
          1   0.142857143   0.577350269   0.000000000
          2  -0.428571429   0.412393049   0.000000000
          3   0.571428571   0.164957220   0.000000000
          4  -0.571428571  -0.164957220   0.000000000
          5   0.428571429  -0.412393049   0.000000000
          6  -0.142857143   0.577350269   0.000000000

     Diagonalizing the dynamical matrix

     q = (    0.142857143   0.577350269   0.000000000 ) 

 **************************************************************************
     freq (    1) =      14.399336 [THz] =     480.310133 [cm-1]
     freq (    2) =      19.042961 [THz] =     635.204822 [cm-1]
     freq (    3) =      22.542118 [THz] =     751.924115 [cm-1]
     freq (    4) =      38.234353 [THz] =    1275.360747 [cm-1]
     freq (    5) =      38.965241 [THz] =    1299.740531 [cm-1]
     freq (    6) =      40.846281 [THz] =    1362.485261 [cm-1]
 **************************************************************************

     Mode symmetry, C_2v (mm2)  point group:

     freq (   1-   1) =        480.3  [cm-1]   --> A_2  D_2  S_2      
     freq (   2-   2) =        635.2  [cm-1]   --> B_1  D_3  S_3      
     freq (   3-   3) =        751.9  [cm-1]   --> B_2  D_4  S_4      
     freq (   4-   4) =       1275.4  [cm-1]   --> B_2  D_4  S_4      
     freq (   5-   5) =       1299.7  [cm-1]   --> A_1  D_1  S_1      
     freq (   6-   6) =       1362.5  [cm-1]   --> A_1  D_1  S_1      

     Calculation of q =    0.2857143   0.4948717   0.0000000
 
     Parallelization info
     --------------------
     sticks:   dense  smooth     PW     G-vecs:    dense   smooth      PW
     Min          49      49     16                 7111     7111    1388
     Max          50      50     17                 7132     7132    1421
     Sum         595     595    199                85433    85433   16883
 
     Using Slab Decomposition
 

     Title: 
     Phonon graphene                                                            


     bravais-lattice index     =            0
     lattice parameter (alat)  =       4.6588  a.u.
     unit-cell volume          =     632.2598 (a.u.)^3
     number of atoms/cell      =            2
     number of atomic types    =            1
     number of electrons       =         8.00
     number of Kohn-Sham states=            8
     kinetic-energy cutoff     =     100.0000  Ry
     charge density cutoff     =     400.0000  Ry
     Exchange-correlation= PW
                           (   1   4   0   0   0   0   0)

     celldm(1)=   4.658789  celldm(2)=   0.000000  celldm(3)=   0.000000
     celldm(4)=   0.000000  celldm(5)=   0.000000  celldm(6)=   0.000000

     crystal axes: (cart. coord. in units of alat)
               a(1) = (   1.000000   0.000000   0.000000 )  
               a(2) = (  -0.500000   0.866025   0.000000 )  
               a(3) = (   0.000000   0.000000   7.220143 )  

     reciprocal axes: (cart. coord. in units 2 pi/alat)
               b(1) = (  1.000000  0.577350  0.000000 )  
               b(2) = (  0.000000  1.154701  0.000000 )  
               b(3) = (  0.000000  0.000000  0.138501 )  


     PseudoPot. # 1 for C  read from file:
     ./C.upf
     MD5 check sum: 1b594deb0bcc8b4bffb8cfaf75c62b92
     Pseudo is Projector augmented-wave + core cor, Zval =  4.0
     Generated using ATOMPAW code
     Shape of augmentation charge: SINC**2
     Using radial grid of 2342 points,  4 beta functions with: 
                l(1) =   0
                l(2) =   0
                l(3) =   1
                l(4) =   1
     Q(r) pseudized with 0 coefficients 


     atomic species   valence    mass     pseudopotential
     C                 4.00    12.01070     C ( 1.00)

     24 Sym. Ops., with inversion, found



   Cartesian axes

     site n.     atom                  positions (alat units)
         1        C      tau(   1) = (  -0.0000000   0.5773503   3.6100717  )
         2        C      tau(   2) = (   0.5000000   0.2886751   3.6100717  )

     number of k points=   812  Marzari-Vanderbilt smearing, width (Ry)=  0.0200

     Number of k-points >= 100: set verbosity='high' to print them.

     Dense  grid:    85433 G-vectors     FFT dimensions: (  30,  30, 216)

     Estimated max dynamical RAM per process >       7.81 MB

     Estimated total dynamical RAM >      93.68 MB
 ----2D----2D----2D----2D----2D----2D----2D----2D----2D----2D----2D----2D
  The code is running with the 2D cutoff
  Please refer to:
  Sohier, T., Calandra, M., & Mauri, F. (2017), 
  Density functional perturbation theory for gated two-dimensional heterostructu
 res:
  Theoretical developments and application to flexural phonons in graphene.
  Physical Review B, 96(7), 75448. https://doi.org/10.1103/PhysRevB.96.075448
 ----2D----2D----2D----2D----2D----2D----2D----2D----2D----2D----2D----2D

     Check: negative core charge=   -0.000011

     The potential is recalculated from file :
     ./tmp/_ph0/graphene.q_8/graphene.save/charge-density


     negative rho (up, down):  4.548E-05 0.000E+00
     Starting wfcs are   16 atomic wfcs
     Checking if some PAW data can be deallocated... 

     Band Structure Calculation
     Davidson diagonalization with overlap

     ethr =  1.25E-10,  avg # of iterations = 25.2

     total cpu time spent up to now is      271.4 secs

     End of band structure calculation

     Number of k-points >= 100: set verbosity='high' to print the bands.

     the Fermi energy is    -4.6898 ev

     Writing config to output data dir ./tmp/_ph0/graphene.q_8/graphene.save/ :
     XML data file

     Phonon graphene                                                            

     bravais-lattice index     =            0
     lattice parameter (alat)  =       4.6588  a.u.
     unit-cell volume          =     632.2598 (a.u.)^3
     number of atoms/cell      =            2
     number of atomic types    =            1
     kinetic-energy cut-off    =     100.0000  Ry
     charge density cut-off    =     400.0000  Ry
     convergence threshold     =      1.0E-14
     beta                      =       0.7000
     number of iterations used =            4
     Exchange-correlation= PW
                           (   1   4   0   0   0   0   0)


     celldm(1)=    4.65879  celldm(2)=    0.00000  celldm(3)=    0.00000
     celldm(4)=    0.00000  celldm(5)=    0.00000  celldm(6)=    0.00000

     crystal axes: (cart. coord. in units of alat)
               a(1) = (  1.0000  0.0000  0.0000 )  
               a(2) = ( -0.5000  0.8660  0.0000 )  
               a(3) = (  0.0000  0.0000  7.2201 )  

     reciprocal axes: (cart. coord. in units 2 pi/alat)
               b(1) = (  1.0000  0.5774  0.0000 )  
               b(2) = (  0.0000  1.1547  0.0000 )  
               b(3) = (  0.0000  0.0000  0.1385 )  


     Atoms inside the unit cell: 

     Cartesian axes

     site n.  atom      mass           positions (alat units)
        1  C      12.0107   tau(    1) = (   -0.00000    0.57735    3.61007  )
        2  C      12.0107   tau(    2) = (    0.50000    0.28868    3.61007  )

     Computing dynamical matrix for 
                    q = (   0.2857143   0.4948717   0.0000000 )
 
      4 Sym.Ops. (no q -> -q+G )


     G cutoff =  219.9107  (   7111 G-vectors)     FFT grid: ( 30, 30,216)

     number of k points=   812  Marzari-Vanderbilt smearing, width (Ry)=  0.0200

     PseudoPot. # 1 for C  read from file:
     ./C.upf
     MD5 check sum: 1b594deb0bcc8b4bffb8cfaf75c62b92
     Pseudo is Projector augmented-wave + core cor, Zval =  4.0
     Generated using ATOMPAW code
     Shape of augmentation charge: SINC**2
     Using radial grid of 2342 points,  4 beta functions with: 
                l(1) =   0
                l(2) =   0
                l(3) =   1
                l(4) =   1
     Q(r) pseudized with 0 coefficients 


     Mode symmetry, C_2v (mm2)  point group:


     Atomic displacements:
     There are    6 irreducible representations

     Representation     1      1 modes -  To be done

     Representation     2      1 modes -  To be done

     Representation     3      1 modes -  To be done

     Representation     4      1 modes -  To be done

     Representation     5      1 modes -  To be done

     Representation     6      1 modes -  To be done



     Alpha used in Ewald sum =   2.8000

     negative rho (up, down):  4.548E-05 0.000E+00
     PHONON       :  25m14.57s CPU  27m40.80s WALL



     Representation #   1 mode #   1

     Self-consistent Calculation

      iter #   1 total cpu time :  1664.6 secs   av.it.:   5.9
      thresh= 1.000E-02 alpha_mix =  0.700 |ddv_scf|^2 =  1.021E-05

      iter #   2 total cpu time :  1669.0 secs   av.it.:   9.0
      thresh= 3.196E-04 alpha_mix =  0.700 |ddv_scf|^2 =  1.654E-06

      iter #   3 total cpu time :  1673.7 secs   av.it.:   9.6
      thresh= 1.286E-04 alpha_mix =  0.700 |ddv_scf|^2 =  1.330E-06

      iter #   4 total cpu time :  1678.1 secs   av.it.:   9.3
      thresh= 1.153E-04 alpha_mix =  0.700 |ddv_scf|^2 =  1.889E-08

      iter #   5 total cpu time :  1682.8 secs   av.it.:   9.6
      thresh= 1.374E-05 alpha_mix =  0.700 |ddv_scf|^2 =  5.028E-13

      iter #   6 total cpu time :  1687.5 secs   av.it.:  10.0
      thresh= 7.091E-08 alpha_mix =  0.700 |ddv_scf|^2 =  5.756E-15

     End of self-consistent calculation

     Convergence has been achieved 


     Representation #   2 mode #   2

     Self-consistent Calculation

      iter #   1 total cpu time :  1691.2 secs   av.it.:   5.8
      thresh= 1.000E-02 alpha_mix =  0.700 |ddv_scf|^2 =  1.319E-05

      iter #   2 total cpu time :  1695.7 secs   av.it.:   9.0
      thresh= 3.632E-04 alpha_mix =  0.700 |ddv_scf|^2 =  3.200E-06

      iter #   3 total cpu time :  1700.7 secs   av.it.:   9.6
      thresh= 1.789E-04 alpha_mix =  0.700 |ddv_scf|^2 =  2.227E-06

      iter #   4 total cpu time :  1705.2 secs   av.it.:   9.2
      thresh= 1.492E-04 alpha_mix =  0.700 |ddv_scf|^2 =  3.679E-09

      iter #   5 total cpu time :  1709.8 secs   av.it.:   9.8
      thresh= 6.065E-06 alpha_mix =  0.700 |ddv_scf|^2 =  5.465E-12

      iter #   6 total cpu time :  1714.3 secs   av.it.:   9.4
      thresh= 2.338E-07 alpha_mix =  0.700 |ddv_scf|^2 =  1.990E-14

      iter #   7 total cpu time :  1718.9 secs   av.it.:   9.5
      thresh= 1.411E-08 alpha_mix =  0.700 |ddv_scf|^2 =  1.144E-16

     End of self-consistent calculation

     Convergence has been achieved 


     Representation #   3 mode #   3

     Self-consistent Calculation

      iter #   1 total cpu time :  1722.4 secs   av.it.:   5.1
      thresh= 1.000E-02 alpha_mix =  0.700 |ddv_scf|^2 =  4.630E-06

      iter #   2 total cpu time :  1726.4 secs   av.it.:   7.9
      thresh= 2.152E-04 alpha_mix =  0.700 |ddv_scf|^2 =  4.116E-07

      iter #   3 total cpu time :  1729.9 secs   av.it.:   6.6
      thresh= 6.416E-05 alpha_mix =  0.700 |ddv_scf|^2 =  3.447E-11

      iter #   4 total cpu time :  1734.6 secs   av.it.:   9.2
      thresh= 5.871E-07 alpha_mix =  0.700 |ddv_scf|^2 =  5.701E-14

      iter #   5 total cpu time :  1739.4 secs   av.it.:   9.9
      thresh= 2.388E-08 alpha_mix =  0.700 |ddv_scf|^2 =  2.243E-16

     End of self-consistent calculation

     Convergence has been achieved 


     Representation #   4 mode #   4

     Self-consistent Calculation

      iter #   1 total cpu time :  1742.9 secs   av.it.:   5.1
      thresh= 1.000E-02 alpha_mix =  0.700 |ddv_scf|^2 =  1.319E-05

      iter #   2 total cpu time :  1747.1 secs   av.it.:   8.4
      thresh= 3.632E-04 alpha_mix =  0.700 |ddv_scf|^2 =  1.693E-06

      iter #   3 total cpu time :  1751.7 secs   av.it.:   9.6
      thresh= 1.301E-04 alpha_mix =  0.700 |ddv_scf|^2 =  1.332E-06

      iter #   4 total cpu time :  1756.2 secs   av.it.:   9.3
      thresh= 1.154E-04 alpha_mix =  0.700 |ddv_scf|^2 =  1.205E-10

      iter #   5 total cpu time :  1760.9 secs   av.it.:   9.3
      thresh= 1.098E-06 alpha_mix =  0.700 |ddv_scf|^2 =  7.002E-14

      iter #   6 total cpu time :  1765.5 secs   av.it.:   9.6
      thresh= 2.646E-08 alpha_mix =  0.700 |ddv_scf|^2 =  4.213E-16

     End of self-consistent calculation

     Convergence has been achieved 


     Representation #   5 mode #   5

     Self-consistent Calculation

      iter #   1 total cpu time :  1769.0 secs   av.it.:   5.1
      thresh= 1.000E-02 alpha_mix =  0.700 |ddv_scf|^2 =  1.117E-05

      iter #   2 total cpu time :  1773.2 secs   av.it.:   8.3
      thresh= 3.342E-04 alpha_mix =  0.700 |ddv_scf|^2 =  1.327E-06

      iter #   3 total cpu time :  1777.8 secs   av.it.:   9.5
      thresh= 1.152E-04 alpha_mix =  0.700 |ddv_scf|^2 =  9.554E-07

      iter #   4 total cpu time :  1782.2 secs   av.it.:   9.3
      thresh= 9.774E-05 alpha_mix =  0.700 |ddv_scf|^2 =  8.429E-11

      iter #   5 total cpu time :  1786.8 secs   av.it.:   9.3
      thresh= 9.181E-07 alpha_mix =  0.700 |ddv_scf|^2 =  4.733E-14

      iter #   6 total cpu time :  1791.4 secs   av.it.:   9.7
      thresh= 2.175E-08 alpha_mix =  0.700 |ddv_scf|^2 =  4.429E-16

     End of self-consistent calculation

     Convergence has been achieved 


     Representation #   6 mode #   6

     Self-consistent Calculation

      iter #   1 total cpu time :  1795.0 secs   av.it.:   5.5
      thresh= 1.000E-02 alpha_mix =  0.700 |ddv_scf|^2 =  3.580E-05

      iter #   2 total cpu time :  1798.8 secs   av.it.:   7.2
      thresh= 5.983E-04 alpha_mix =  0.700 |ddv_scf|^2 =  3.221E-06

      iter #   3 total cpu time :  1802.3 secs   av.it.:   6.7
      thresh= 1.795E-04 alpha_mix =  0.700 |ddv_scf|^2 =  5.558E-10

      iter #   4 total cpu time :  1807.0 secs   av.it.:   9.8
      thresh= 2.357E-06 alpha_mix =  0.700 |ddv_scf|^2 =  3.226E-13

      iter #   5 total cpu time :  1811.6 secs   av.it.:   9.4
      thresh= 5.680E-08 alpha_mix =  0.700 |ddv_scf|^2 =  1.513E-14

      iter #   6 total cpu time :  1816.2 secs   av.it.:   9.4
      thresh= 1.230E-08 alpha_mix =  0.700 |ddv_scf|^2 =  3.686E-17

     End of self-consistent calculation

     Convergence has been achieved 
 
     Number of q in the star =    6
     List of q in the star:
          1   0.285714286   0.494871659   0.000000000
          2  -0.285714286   0.494871659   0.000000000
          3   0.571428571   0.000000000   0.000000000
          4  -0.571428571   0.000000000   0.000000000
          5   0.285714286  -0.494871659   0.000000000
          6  -0.285714286  -0.494871659   0.000000000

     Diagonalizing the dynamical matrix

     q = (    0.285714286   0.494871659   0.000000000 ) 

 **************************************************************************
     freq (    1) =      13.866981 [THz] =     462.552701 [cm-1]
     freq (    2) =      18.945652 [THz] =     631.958920 [cm-1]
     freq (    3) =      27.806134 [THz] =     927.512797 [cm-1]
     freq (    4) =      34.105664 [THz] =    1137.642494 [cm-1]
     freq (    5) =      39.258166 [THz] =    1309.511471 [cm-1]
     freq (    6) =      39.446768 [THz] =    1315.802562 [cm-1]
 **************************************************************************

     Mode symmetry, C_2v (mm2)  point group:

     freq (   1-   1) =        462.6  [cm-1]   --> B_2  D_4  S_4      
     freq (   2-   2) =        632.0  [cm-1]   --> A_2  D_2  S_2      
     freq (   3-   3) =        927.5  [cm-1]   --> B_1  D_3  S_3      
     freq (   4-   4) =       1137.6  [cm-1]   --> A_1  D_1  S_1      
     freq (   5-   5) =       1309.5  [cm-1]   --> B_1  D_3  S_3      
     freq (   6-   6) =       1315.8  [cm-1]   --> A_1  D_1  S_1      
 
     init_run     :      0.98s CPU      0.99s WALL (       7 calls)
     electrons    :    250.31s CPU    270.20s WALL (       7 calls)

     Called by init_run:
     wfcinit      :      0.00s CPU      0.00s WALL (       7 calls)
     potinit      :      0.05s CPU      0.06s WALL (       7 calls)
     hinit0       :      0.13s CPU      0.13s WALL (       7 calls)

     Called by electrons:
     c_bands      :    250.27s CPU    270.15s WALL (       7 calls)
     v_of_rho     :      0.01s CPU      0.01s WALL (       8 calls)
     newd         :      0.03s CPU      0.04s WALL (       8 calls)
     PAW_pot      :      0.04s CPU      0.04s WALL (       8 calls)

     Called by c_bands:
     init_us_2    :     12.62s CPU     14.20s WALL (  180954 calls)
     cegterg      :    223.82s CPU    240.27s WALL (   11996 calls)

     Called by *egterg:
     cdiaghg      :     17.55s CPU     18.62s WALL (  169020 calls)
     h_psi        :   1114.34s CPU   1204.66s WALL ( 1427326 calls)
     s_psi        :     31.19s CPU     33.52s WALL ( 2796070 calls)
     g_psi        :      1.16s CPU      1.23s WALL (  162580 calls)

     Called by h_psi:
     h_psi:calbec :     48.06s CPU     52.58s WALL ( 1427326 calls)
     vloc_psi     :   1040.32s CPU   1124.24s WALL ( 1427326 calls)
     add_vuspsi   :     16.40s CPU     17.68s WALL ( 1427326 calls)

     General routines
     calbec       :     90.61s CPU     99.14s WALL ( 3063704 calls)
     fft          :      0.61s CPU      0.81s WALL (    2222 calls)
     ffts         :      3.96s CPU      4.76s WALL (   21412 calls)
     fftw         :   1129.73s CPU   1232.50s WALL (12638006 calls)
     davcio       :     20.57s CPU     27.60s WALL (  678878 calls)
 
     Parallel routines
 
     PHONON       :  27m42.50s CPU  30m16.36s WALL

     INITIALIZATION: 
     phq_setup    :      0.02s CPU      0.02s WALL (       8 calls)
     phq_init     :     19.62s CPU     21.30s WALL (       8 calls)
 
     phq_init     :     19.62s CPU     21.30s WALL (       8 calls)
     set_drhoc    :      0.01s CPU      0.01s WALL (      24 calls)
     init_vloc    :      0.06s CPU      0.06s WALL (       8 calls)
     init_us_1    :      0.03s CPU      0.03s WALL (       8 calls)
     init_us_2    :     12.62s CPU     14.20s WALL (  180954 calls)
     newd         :      0.03s CPU      0.04s WALL (       8 calls)
     dvanqq       :      0.25s CPU      0.26s WALL (       8 calls)
     drho         :     17.09s CPU     18.51s WALL (       8 calls)
     drhous       :     15.66s CPU     16.96s WALL (       8 calls)
     nldyntot     :      0.18s CPU      0.18s WALL (       8 calls)
 
     DYNAMICAL MATRIX:
     dynmat0      :      1.39s CPU      1.48s WALL (       8 calls)
     dynmat_us    :      1.37s CPU      1.46s WALL (       8 calls)
     addusdynmat  :      0.00s CPU      0.00s WALL (       8 calls)
     d2ionq       :      0.01s CPU      0.01s WALL (       8 calls)
     dynmatcc     :      0.01s CPU      0.01s WALL (       8 calls)
     phqscf       :   1390.87s CPU   1522.91s WALL (       8 calls)
     dynmatrix    :      0.00s CPU      0.01s WALL (       8 calls)
 
     phqscf       :   1390.87s CPU   1522.91s WALL (       8 calls)
     solve_linter :   1385.67s CPU   1517.16s WALL (      46 calls)
     sth_kernel   :   1326.51s CPU   1451.51s WALL (     278 calls)
     h_prec       :      4.21s CPU      4.88s WALL (  121794 calls)
     apply_dpot_b :     89.27s CPU    102.88s WALL (  102634 calls)
     ortho        :     14.22s CPU     15.83s WALL (  122434 calls)
     cgsolve      :   1068.65s CPU   1155.44s WALL (  122434 calls)
     incdrhoscf   :    116.99s CPU    131.57s WALL (  122434 calls)
                                        0.00s GPU  (  122434 calls)
     addusddens   :      1.85s CPU      2.03s WALL (     324 calls)
     dv_of_drho   :      0.17s CPU      0.18s WALL (     286 calls)
     mix_pot      :      0.16s CPU      0.54s WALL (     278 calls)
     ef_shift     :      0.01s CPU      0.01s WALL (      19 calls)
     ef_shift_wfc :      0.01s CPU      0.02s WALL (       4 calls)
     localdos     :      0.31s CPU      0.32s WALL (       4 calls)
     drhodv       :      5.19s CPU      5.72s WALL (      46 calls)
     psymdvscf    :      8.54s CPU      8.64s WALL (     278 calls)
     newdq        :      1.76s CPU      1.77s WALL (     278 calls)
     adddvscf     :      3.64s CPU      4.02s WALL (  102634 calls)
     com_dvloc    :      4.87s CPU      5.80s WALL (   20124 calls)
                                        0.00s GPU  (   20124 calls)
     addcore      :      0.15s CPU      0.17s WALL (     622 calls)
                                        0.00s GPU  (     622 calls)
     drhodvus     :      0.01s CPU      0.02s WALL (      46 calls)
 
     dvqpsi_us    :     39.39s CPU     44.34s WALL (   19800 calls)
                                        0.00s GPU  (   19800 calls)
     dvqpsi_us_on :      2.78s CPU      2.97s WALL (   19800 calls)
 
     add_vuspsi   :     16.40s CPU     17.68s WALL ( 1427326 calls)
     addusdbec    :     10.16s CPU     11.21s WALL (  142234 calls)
 
     drhodvus     :      0.01s CPU      0.02s WALL (      46 calls)
 
      General routines
     calbec       :     90.61s CPU     99.14s WALL ( 3063704 calls)
     fft          :      0.61s CPU      0.81s WALL (    2222 calls)
     ffts         :      3.96s CPU      4.76s WALL (   21412 calls)
     fftw         :   1129.73s CPU   1232.50s WALL (12638006 calls)
     davcio       :     20.57s CPU     27.60s WALL (  678878 calls)
     write_rec    :      0.09s CPU      0.54s WALL (     324 calls)
 
      Additional routines
     ch_psi       :   1033.37s CPU   1117.22s WALL ( 1246310 calls)
     last         :     88.33s CPU     95.62s WALL ( 1246310 calls)
     Hesh         :      4.10s CPU      4.44s WALL ( 1246310 calls)
     ch_psi_all_k :     81.61s CPU     88.40s WALL ( 1246310 calls)
                                        0.00s GPU  ( 1246310 calls)
     ch_psi_calbe :     26.84s CPU     28.93s WALL ( 1246310 calls)
                                        0.00s GPU  ( 1246310 calls)
     h_psi_bgrp   :   1116.06s CPU   1206.47s WALL ( 1427326 calls)
     h_psi        :   1114.34s CPU   1204.66s WALL ( 1427326 calls)
     h_psi:pot    :   1108.51s CPU   1198.38s WALL ( 1427326 calls)
     h_psi:calbec :     48.06s CPU     52.58s WALL ( 1427326 calls)
     s_psi_bgrp   :     38.94s CPU     41.87s WALL ( 2796070 calls)
     s_psi        :     31.19s CPU     33.52s WALL ( 2796070 calls)
 
 
     PHONON       :  27m42.50s CPU  30m16.36s WALL

 
   This run was terminated on:  12:46: 9  14May2026            

=------------------------------------------------------------------------------=
   JOB DONE.
=------------------------------------------------------------------------------=
