
     Program PHONON v.7.4 starts on  1May2026 at 12:59:11 

     This program is part of the open-source Quantum ESPRESSO suite
     for quantum simulation of materials; please cite
         "P. Giannozzi et al., J. Phys.:Condens. Matter 21 395502 (2009);
         "P. Giannozzi et al., J. Phys.:Condens. Matter 29 465901 (2017);
         "P. Giannozzi et al., J. Chem. Phys. 152 154105 (2020);
          URL http://www.quantum-espresso.org", 
     in publications or presentations arising from this work. More details at
     http://www.quantum-espresso.org/quote

     Parallel version (MPI), running on    12 processors

     MPI processes distributed on     1 nodes
     41243 MiB available memory on the printing compute node when the environment starts
 
     Reading input from si.ph.in

     Reading xml data from directory:

     ./tmp/si.save/
 
     R & G space division:  proc/nbgrp/npool/nimage =      12
     Subspace diagonalization in iterative solution of the eigenvalue problem:
     a serial algorithm will be used


     IMPORTANT: XC functional enforced from input :
     Exchange-correlation= PW
                           (   1   4   0   0   0   0   0)
     Any further DFT definition will be discarded
     Please, verify this is what you really want

 
     Parallelization info
     --------------------
     sticks:   dense  smooth     PW     G-vecs:    dense   smooth      PW
     Min          41      41     13                  614      614     113
     Max          42      42     14                  618      618     115
     Sum         499     499    163                 7391     7391    1363
 
     Using Slab Decomposition
 
     Reading collected, re-writing distributed wavefunctions in ./tmp/


     Dynamical matrices for ( 6, 6, 6)  uniform grid of q-points
     (  16 q-points):
       N         xq(1)         xq(2)         xq(3) 
       1   0.000000000   0.000000000   0.000000000
       2  -0.117851130   0.117851130  -0.117851130
       3  -0.235702260   0.235702260  -0.235702260
       4   0.353553391  -0.353553391   0.353553391
       5   0.000000000   0.235702260   0.000000000
       6  -0.117851130   0.353553391  -0.117851130
       7   0.471404521  -0.235702260   0.471404521
       8   0.353553391  -0.117851130   0.353553391
       9   0.235702260  -0.000000000   0.235702260
      10   0.000000000   0.471404521   0.000000000
      11   0.589255651  -0.117851130   0.589255651
      12   0.471404521  -0.000000000   0.471404521
      13   0.000000000  -0.707106781   0.000000000
      14   0.471404521  -0.235702260   0.707106781
      15   0.353553391  -0.117851130   0.589255651
      16  -0.235702260  -0.707106781   0.000000000

     Number and degeneracy of irreps per q-point
       N         xq(1)         xq(2)         xq(3)   N irreps
       1   0.000000000   0.000000000   0.000000000       2
        3   3
       2  -0.117851130   0.117851130  -0.117851130       4
        1   1   2   2
       3  -0.235702260   0.235702260  -0.235702260       4
        1   1   2   2
       4   0.353553391  -0.353553391   0.353553391       4
        1   1   2   2
       5   0.000000000   0.235702260   0.000000000       4
        1   1   2   2
       6  -0.117851130   0.353553391  -0.117851130       6
     No degeneracy
       7   0.471404521  -0.235702260   0.471404521       6
     No degeneracy
       8   0.353553391  -0.117851130   0.353553391       6
     No degeneracy
       9   0.235702260  -0.000000000   0.235702260       6
     No degeneracy
      10   0.000000000   0.471404521   0.000000000       4
        1   1   2   2
      11   0.589255651  -0.117851130   0.589255651       6
     No degeneracy
      12   0.471404521  -0.000000000   0.471404521       6
     No degeneracy
      13   0.000000000  -0.707106781   0.000000000       3
        2   2   2
      14   0.471404521  -0.235702260   0.707106781       6
     No degeneracy
      15   0.353553391  -0.117851130   0.589255651       6
     No degeneracy
      16  -0.235702260  -0.707106781   0.000000000       3
        2   2   2

     Calculation of q =    0.0000000   0.0000000   0.0000000

     Si                                                                         

     bravais-lattice index     =            0
     lattice parameter (alat)  =       7.2074  a.u.
     unit-cell volume          =     264.7386 (a.u.)^3
     number of atoms/cell      =            2
     number of atomic types    =            1
     kinetic-energy cut-off    =      35.0000  Ry
     charge density cut-off    =     140.0000  Ry
     convergence threshold     =      1.0E-12
     beta                      =       0.7000
     number of iterations used =            4
     Exchange-correlation= PW
                           (   1   4   0   0   0   0   0)


     celldm(1)=    7.20738  celldm(2)=    0.00000  celldm(3)=    0.00000
     celldm(4)=    0.00000  celldm(5)=    0.00000  celldm(6)=    0.00000

     crystal axes: (cart. coord. in units of alat)
               a(1) = ( -0.7071  0.0000  0.7071 )  
               a(2) = (  0.0000  0.7071  0.7071 )  
               a(3) = ( -0.7071  0.7071  0.0000 )  

     reciprocal axes: (cart. coord. in units 2 pi/alat)
               b(1) = ( -0.7071 -0.7071  0.7071 )  
               b(2) = (  0.7071  0.7071  0.7071 )  
               b(3) = ( -0.7071  0.7071 -0.7071 )  


     Atoms inside the unit cell: 

     Cartesian axes

     site n.  atom      mass           positions (alat units)
        1  Si     28.0860   tau(    1) = (    0.00000    0.00000    0.00000  )
        2  Si     28.0860   tau(    2) = (   -0.35355    0.35355    0.35355  )

     Computing dynamical matrix for 
                    q = (   0.0000000   0.0000000   0.0000000 )
 
     49 Sym.Ops. (with q -> -q+G )


     G cutoff =  184.2142  (    618 G-vectors)     FFT grid: ( 32, 32, 32)
     number of k points=    72

     PseudoPot. # 1 for Si read from file:
     ./Si.upf
     MD5 check sum: 9e2d726316af3d4752eea8ab0afbb951
     Pseudo is Norm-conserving + core correction, Zval =  4.0
     Generated using ONCVPSP code by D. R. Hamann
     Using radial grid of 1510 points,  6 beta functions with: 
                l(1) =   0
                l(2) =   0
                l(3) =   1
                l(4) =   1
                l(5) =   2
                l(6) =   2

     Mode symmetry, O_h (m-3m)  point group:


     Electric field:
     Dielectric constant
     Born effective charges in two ways 


     Atomic displacements:
     There are    2 irreducible representations

     Representation     1      3 modes -  To be done

     Representation     2      3 modes -  To be done



     Alpha used in Ewald sum =   1.5000
     PHONON       :      0.12s CPU      0.13s WALL


     Electric Fields Calculation

      iter #   1 total cpu time :     1.6 secs   av.it.:   6.7
      thresh= 1.000E-02 alpha_mix =  0.700 |ddv_scf|^2 =  3.555E-07

      iter #   2 total cpu time :     2.3 secs   av.it.:  11.0
      thresh= 5.963E-05 alpha_mix =  0.700 |ddv_scf|^2 =  1.526E-08

      iter #   3 total cpu time :     3.0 secs   av.it.:  10.8
      thresh= 1.235E-05 alpha_mix =  0.700 |ddv_scf|^2 =  1.720E-10

      iter #   4 total cpu time :     3.6 secs   av.it.:  11.2
      thresh= 1.312E-06 alpha_mix =  0.700 |ddv_scf|^2 =  1.018E-12

      iter #   5 total cpu time :     4.3 secs   av.it.:  10.4
      thresh= 1.009E-07 alpha_mix =  0.700 |ddv_scf|^2 =  3.595E-16

     End of electric fields calculation

          Dielectric constant in cartesian axis 

          (      13.347712485       0.000000000       0.000000000 )
          (       0.000000000      13.347712485      -0.000000000 )
          (       0.000000000       0.000000000      13.347712485 )

          Effective charges (d Force / dE) in cartesian axis without acoustic sum rule applied (asr)

           atom    1  Si    Mean Z*:       -0.00857
      Ex  (       -0.00857        0.00000        0.00000 )
      Ey  (        0.00000       -0.00857        0.00000 )
      Ez  (        0.00000        0.00000       -0.00857 )
           atom    2  Si    Mean Z*:       -0.00857
      Ex  (       -0.00857       -0.00000        0.00000 )
      Ey  (       -0.00000       -0.00857       -0.00000 )
      Ez  (        0.00000       -0.00000       -0.00857 )

          Effective charges Sum: Mean:       -0.01714
             -0.01714        0.00000        0.00000
             -0.00000       -0.01714       -0.00000
              0.00000        0.00000       -0.01714

          Effective charges (d Force / dE) in cartesian axis with asr applied: 
           atom    1  Si    Mean Z*:        0.00000
      E*x (        0.00000        0.00000        0.00000 )
      E*y (        0.00000       -0.00000        0.00000 )
      E*z (        0.00000        0.00000        0.00000 )
           atom    2  Si    Mean Z*:       -0.00000
      E*x (       -0.00000       -0.00000       -0.00000 )
      E*y (       -0.00000        0.00000       -0.00000 )
      E*z (       -0.00000       -0.00000       -0.00000 )


     Representation #   1 modes #   1   2   3

     Self-consistent Calculation

      iter #   1 total cpu time :     4.9 secs   av.it.:   5.9
      thresh= 1.000E-02 alpha_mix =  0.700 |ddv_scf|^2 =  2.559E-08

      iter #   2 total cpu time :     5.6 secs   av.it.:  11.1
      thresh= 1.600E-05 alpha_mix =  0.700 |ddv_scf|^2 =  5.762E-10

      iter #   3 total cpu time :     6.3 secs   av.it.:  11.2
      thresh= 2.400E-06 alpha_mix =  0.700 |ddv_scf|^2 =  2.147E-11

      iter #   4 total cpu time :     7.0 secs   av.it.:  10.9
      thresh= 4.634E-07 alpha_mix =  0.700 |ddv_scf|^2 =  6.950E-14

     End of self-consistent calculation

     Convergence has been achieved 


     Representation #   2 modes #   4   5   6

     Self-consistent Calculation

      iter #   1 total cpu time :     7.5 secs   av.it.:   5.9
      thresh= 1.000E-02 alpha_mix =  0.700 |ddv_scf|^2 =  1.848E-08

      iter #   2 total cpu time :     8.2 secs   av.it.:  11.4
      thresh= 1.359E-05 alpha_mix =  0.700 |ddv_scf|^2 =  6.648E-10

      iter #   3 total cpu time :     8.9 secs   av.it.:  11.3
      thresh= 2.578E-06 alpha_mix =  0.700 |ddv_scf|^2 =  3.023E-11

      iter #   4 total cpu time :     9.5 secs   av.it.:  11.4
      thresh= 5.498E-07 alpha_mix =  0.700 |ddv_scf|^2 =  5.421E-14

     End of self-consistent calculation

     Convergence has been achieved 
 
     Number of q in the star =    1
     List of q in the star:
          1   0.000000000   0.000000000   0.000000000

          Dielectric constant in cartesian axis 

          (      13.347712485       0.000000000       0.000000000 )
          (       0.000000000      13.347712485      -0.000000000 )
          (       0.000000000       0.000000000      13.347712485 )

          Effective charges (d Force / dE) in cartesian axis without acoustic sum rule applied (asr)

           atom    1  Si    Mean Z*:       -0.00857
      Ex  (       -0.00857        0.00000        0.00000 )
      Ey  (        0.00000       -0.00857        0.00000 )
      Ez  (        0.00000        0.00000       -0.00857 )
           atom    2  Si    Mean Z*:       -0.00857
      Ex  (       -0.00857       -0.00000        0.00000 )
      Ey  (       -0.00000       -0.00857       -0.00000 )
      Ez  (        0.00000       -0.00000       -0.00857 )

          Effective charges Sum: Mean:       -0.01714
             -0.01714        0.00000        0.00000
             -0.00000       -0.01714       -0.00000
              0.00000        0.00000       -0.01714

          Effective charges (d Force / dE) in cartesian axis with asr applied: 
           atom    1  Si    Mean Z*:        0.00000
      E*x (        0.00000        0.00000        0.00000 )
      E*y (        0.00000       -0.00000        0.00000 )
      E*z (        0.00000        0.00000        0.00000 )
           atom    2  Si    Mean Z*:       -0.00000
      E*x (       -0.00000       -0.00000       -0.00000 )
      E*y (       -0.00000        0.00000       -0.00000 )
      E*z (       -0.00000       -0.00000       -0.00000 )

          Effective charges (d P / du) in cartesian axis 

           atom      1Si    
      Px  (       -0.00653       -0.00000       -0.00000 )
      Py  (       -0.00000       -0.00653       -0.00000 )
      Pz  (       -0.00000        0.00000       -0.00653 )
           atom      2Si    
      Px  (       -0.00653       -0.00000       -0.00000 )
      Py  (       -0.00000       -0.00653        0.00000 )
      Pz  (       -0.00000        0.00000       -0.00653 )

     Diagonalizing the dynamical matrix

     q = (    0.000000000   0.000000000   0.000000000 ) 

 **************************************************************************
     freq (    1) =      -0.190258 [THz] =      -6.346327 [cm-1]
     freq (    2) =      -0.190258 [THz] =      -6.346327 [cm-1]
     freq (    3) =      -0.190258 [THz] =      -6.346327 [cm-1]
     freq (    4) =      15.397083 [THz] =     513.591414 [cm-1]
     freq (    5) =      15.397083 [THz] =     513.591414 [cm-1]
     freq (    6) =      15.397083 [THz] =     513.591414 [cm-1]
 **************************************************************************

     Mode symmetry, O_h (m-3m)  point group:

     freq (   1-   3) =         -6.3  [cm-1]   --> T_1u G_15  G_4- I  
     freq (   4-   6) =        513.6  [cm-1]   --> T_2g G_25' G_5+ R  

     Calculation of q =   -0.1178511   0.1178511  -0.1178511
 
     Parallelization info
     --------------------
     sticks:   dense  smooth     PW     G-vecs:    dense   smooth      PW
     Min          41      41     13                  614      614     119
     Max          42      42     14                  618      618     123
     Sum         499     499    163                 7391     7391    1459
 
     Using Slab Decomposition
 

     Title: 
     Si                                                                         


     bravais-lattice index     =            0
     lattice parameter (alat)  =       7.2074  a.u.
     unit-cell volume          =     264.7386 (a.u.)^3
     number of atoms/cell      =            2
     number of atomic types    =            1
     number of electrons       =         8.00
     number of Kohn-Sham states=            4
     kinetic-energy cutoff     =      35.0000  Ry
     charge density cutoff     =     140.0000  Ry
     Exchange-correlation= PW
                           (   1   4   0   0   0   0   0)

     celldm(1)=   7.207380  celldm(2)=   0.000000  celldm(3)=   0.000000
     celldm(4)=   0.000000  celldm(5)=   0.000000  celldm(6)=   0.000000

     crystal axes: (cart. coord. in units of alat)
               a(1) = (  -0.707107   0.000000   0.707107 )  
               a(2) = (   0.000000   0.707107   0.707107 )  
               a(3) = (  -0.707107   0.707107   0.000000 )  

     reciprocal axes: (cart. coord. in units 2 pi/alat)
               b(1) = ( -0.707107 -0.707107  0.707107 )  
               b(2) = (  0.707107  0.707107  0.707107 )  
               b(3) = ( -0.707107  0.707107 -0.707107 )  


     PseudoPot. # 1 for Si read from file:
     ./Si.upf
     MD5 check sum: 9e2d726316af3d4752eea8ab0afbb951
     Pseudo is Norm-conserving + core correction, Zval =  4.0
     Generated using ONCVPSP code by D. R. Hamann
     Using radial grid of 1510 points,  6 beta functions with: 
                l(1) =   0
                l(2) =   0
                l(3) =   1
                l(4) =   1
                l(5) =   2
                l(6) =   2

     atomic species   valence    mass     pseudopotential
     Si                4.00    28.08600     Si( 1.00)

     48 Sym. Ops., with inversion, found



   Cartesian axes

     site n.     atom                  positions (alat units)
         1        Si     tau(   1) = (   0.0000000   0.0000000   0.0000000  )
         2        Si     tau(   2) = (  -0.3535534   0.3535534   0.3535534  )

     number of k points=   728

     Number of k-points >= 100: set verbosity='high' to print them.

     Dense  grid:     7391 G-vectors     FFT dimensions: (  32,  32,  32)

     Estimated max dynamical RAM per process >       1.35 MB

     Estimated total dynamical RAM >      16.19 MB

     The potential is recalculated from file :
     ./tmp/_ph0/si.save/charge-density

     Starting wfcs are    8 atomic wfcs

     Band Structure Calculation
     Davidson diagonalization with overlap

     ethr =  1.25E-10,  avg # of iterations = 12.6

     total cpu time spent up to now is        2.4 secs

     End of band structure calculation

     Number of k-points >= 100: set verbosity='high' to print the bands.

     highest occupied level (ev):     6.2489

     Writing config to output data dir ./tmp/_ph0/si.save/ :
     XML data file

     Si                                                                         

     bravais-lattice index     =            0
     lattice parameter (alat)  =       7.2074  a.u.
     unit-cell volume          =     264.7386 (a.u.)^3
     number of atoms/cell      =            2
     number of atomic types    =            1
     kinetic-energy cut-off    =      35.0000  Ry
     charge density cut-off    =     140.0000  Ry
     convergence threshold     =      1.0E-12
     beta                      =       0.7000
     number of iterations used =            4
     Exchange-correlation= PW
                           (   1   4   0   0   0   0   0)


     celldm(1)=    7.20738  celldm(2)=    0.00000  celldm(3)=    0.00000
     celldm(4)=    0.00000  celldm(5)=    0.00000  celldm(6)=    0.00000

     crystal axes: (cart. coord. in units of alat)
               a(1) = ( -0.7071  0.0000  0.7071 )  
               a(2) = (  0.0000  0.7071  0.7071 )  
               a(3) = ( -0.7071  0.7071  0.0000 )  

     reciprocal axes: (cart. coord. in units 2 pi/alat)
               b(1) = ( -0.7071 -0.7071  0.7071 )  
               b(2) = (  0.7071  0.7071  0.7071 )  
               b(3) = ( -0.7071  0.7071 -0.7071 )  


     Atoms inside the unit cell: 

     Cartesian axes

     site n.  atom      mass           positions (alat units)
        1  Si     28.0860   tau(    1) = (    0.00000    0.00000    0.00000  )
        2  Si     28.0860   tau(    2) = (   -0.35355    0.35355    0.35355  )

     Computing dynamical matrix for 
                    q = (  -0.1178511   0.1178511  -0.1178511 )
 
      6 Sym.Ops. (no q -> -q+G )


     G cutoff =  184.2142  (    618 G-vectors)     FFT grid: ( 32, 32, 32)
     number of k points=   728

     PseudoPot. # 1 for Si read from file:
     ./Si.upf
     MD5 check sum: 9e2d726316af3d4752eea8ab0afbb951
     Pseudo is Norm-conserving + core correction, Zval =  4.0
     Generated using ONCVPSP code by D. R. Hamann
     Using radial grid of 1510 points,  6 beta functions with: 
                l(1) =   0
                l(2) =   0
                l(3) =   1
                l(4) =   1
                l(5) =   2
                l(6) =   2

     Mode symmetry, C_3v (3m)   point group:


     Atomic displacements:
     There are    4 irreducible representations

     Representation     1      1 modes -  To be done

     Representation     2      1 modes -  To be done

     Representation     3      2 modes -  To be done

     Representation     4      2 modes -  To be done


     Message from routine init_vloc:
     Interpolation table for Vloc re-allocated

     Alpha used in Ewald sum =   1.5000
     PHONON       :     11.06s CPU     12.08s WALL



     Representation #   1 mode #   1

     Self-consistent Calculation

      iter #   1 total cpu time :    12.8 secs   av.it.:   6.6
      thresh= 1.000E-02 alpha_mix =  0.700 |ddv_scf|^2 =  2.391E-03

      iter #   2 total cpu time :    13.7 secs   av.it.:   8.6
      thresh= 4.889E-03 alpha_mix =  0.700 |ddv_scf|^2 =  7.827E-02

      iter #   3 total cpu time :    14.5 secs   av.it.:   7.7
      thresh= 1.000E-02 alpha_mix =  0.700 |ddv_scf|^2 =  6.387E-07

      iter #   4 total cpu time :    15.3 secs   av.it.:   8.9
      thresh= 7.992E-05 alpha_mix =  0.700 |ddv_scf|^2 =  2.086E-08

      iter #   5 total cpu time :    16.2 secs   av.it.:   9.2
      thresh= 1.444E-05 alpha_mix =  0.700 |ddv_scf|^2 =  1.953E-09

      iter #   6 total cpu time :    16.9 secs   av.it.:   7.8
      thresh= 4.419E-06 alpha_mix =  0.700 |ddv_scf|^2 =  2.172E-09

      iter #   7 total cpu time :    17.7 secs   av.it.:   7.8
      thresh= 4.661E-06 alpha_mix =  0.700 |ddv_scf|^2 =  1.431E-10

      iter #   8 total cpu time :    18.5 secs   av.it.:   8.2
      thresh= 1.196E-06 alpha_mix =  0.700 |ddv_scf|^2 =  1.157E-12

      iter #   9 total cpu time :    19.3 secs   av.it.:   7.9
      thresh= 1.075E-07 alpha_mix =  0.700 |ddv_scf|^2 =  2.582E-14

     End of self-consistent calculation

     Convergence has been achieved 


     Representation #   2 mode #   2

     Self-consistent Calculation

      iter #   1 total cpu time :    20.0 secs   av.it.:   6.6
      thresh= 1.000E-02 alpha_mix =  0.700 |ddv_scf|^2 =  2.391E-03

      iter #   2 total cpu time :    20.9 secs   av.it.:   8.6
      thresh= 4.889E-03 alpha_mix =  0.700 |ddv_scf|^2 =  7.827E-02

      iter #   3 total cpu time :    21.7 secs   av.it.:   7.7
      thresh= 1.000E-02 alpha_mix =  0.700 |ddv_scf|^2 =  6.383E-07

      iter #   4 total cpu time :    22.5 secs   av.it.:   8.9
      thresh= 7.990E-05 alpha_mix =  0.700 |ddv_scf|^2 =  2.088E-08

      iter #   5 total cpu time :    23.4 secs   av.it.:   9.2
      thresh= 1.445E-05 alpha_mix =  0.700 |ddv_scf|^2 =  1.762E-09

      iter #   6 total cpu time :    24.2 secs   av.it.:   7.8
      thresh= 4.197E-06 alpha_mix =  0.700 |ddv_scf|^2 =  2.257E-09

      iter #   7 total cpu time :    25.0 secs   av.it.:   7.8
      thresh= 4.751E-06 alpha_mix =  0.700 |ddv_scf|^2 =  1.434E-10

      iter #   8 total cpu time :    25.9 secs   av.it.:   8.2
      thresh= 1.198E-06 alpha_mix =  0.700 |ddv_scf|^2 =  1.154E-12

      iter #   9 total cpu time :    26.7 secs   av.it.:   7.9
      thresh= 1.074E-07 alpha_mix =  0.700 |ddv_scf|^2 =  2.592E-14

     End of self-consistent calculation

     Convergence has been achieved 


     Representation #   3 modes #   3   4

     Self-consistent Calculation

      iter #   1 total cpu time :    28.1 secs   av.it.:   6.1
      thresh= 1.000E-02 alpha_mix =  0.700 |ddv_scf|^2 =  6.246E-08

      iter #   2 total cpu time :    30.2 secs   av.it.:  11.2
      thresh= 2.499E-05 alpha_mix =  0.700 |ddv_scf|^2 =  2.778E-09

      iter #   3 total cpu time :    32.3 secs   av.it.:  11.1
      thresh= 5.271E-06 alpha_mix =  0.700 |ddv_scf|^2 =  7.255E-11

      iter #   4 total cpu time :    34.5 secs   av.it.:  11.2
      thresh= 8.517E-07 alpha_mix =  0.700 |ddv_scf|^2 =  8.387E-13

     End of self-consistent calculation

     Convergence has been achieved 


     Representation #   4 modes #   5   6

     Self-consistent Calculation

      iter #   1 total cpu time :    35.9 secs   av.it.:   6.0
      thresh= 1.000E-02 alpha_mix =  0.700 |ddv_scf|^2 =  6.245E-08

      iter #   2 total cpu time :    38.0 secs   av.it.:  11.1
      thresh= 2.499E-05 alpha_mix =  0.700 |ddv_scf|^2 =  2.779E-09

      iter #   3 total cpu time :    40.1 secs   av.it.:  11.0
      thresh= 5.272E-06 alpha_mix =  0.700 |ddv_scf|^2 =  7.255E-11

      iter #   4 total cpu time :    42.2 secs   av.it.:  11.1
      thresh= 8.517E-07 alpha_mix =  0.700 |ddv_scf|^2 =  8.383E-13

     End of self-consistent calculation

     Convergence has been achieved 
 
     Number of q in the star =    8
     List of q in the star:
          1  -0.117851130   0.117851130  -0.117851130
          2   0.117851130   0.117851130   0.117851130
          3  -0.117851130  -0.117851130  -0.117851130
          4   0.117851130  -0.117851130   0.117851130
          5   0.117851130  -0.117851130  -0.117851130
          6   0.117851130   0.117851130  -0.117851130
          7  -0.117851130  -0.117851130   0.117851130
          8  -0.117851130   0.117851130   0.117851130

     Diagonalizing the dynamical matrix

     q = (   -0.117851130   0.117851130  -0.117851130 ) 

 **************************************************************************
     freq (    1) =       2.132324 [THz] =      71.126684 [cm-1]
     freq (    2) =       2.132324 [THz] =      71.126684 [cm-1]
     freq (    3) =       4.738766 [THz] =     158.068222 [cm-1]
     freq (    4) =      15.012868 [THz] =     500.775357 [cm-1]
     freq (    5) =      15.030336 [THz] =     501.358040 [cm-1]
     freq (    6) =      15.030336 [THz] =     501.358040 [cm-1]
 **************************************************************************

     Mode symmetry, C_3v (3m)   point group:

     freq (   1-   2) =         71.1  [cm-1]   --> E    L_3           
     freq (   3-   3) =        158.1  [cm-1]   --> A_1  L_1           
     freq (   4-   4) =        500.8  [cm-1]   --> A_1  L_1           
     freq (   5-   6) =        501.4  [cm-1]   --> E    L_3           

     Calculation of q =   -0.2357023   0.2357023  -0.2357023
 
     Parallelization info
     --------------------
     sticks:   dense  smooth     PW     G-vecs:    dense   smooth      PW
     Min          41      41     14                  614      614     121
     Max          42      42     15                  618      618     124
     Sum         499     499    169                 7391     7391    1471
 
     Using Slab Decomposition
 

     Title: 
     Si                                                                         


     bravais-lattice index     =            0
     lattice parameter (alat)  =       7.2074  a.u.
     unit-cell volume          =     264.7386 (a.u.)^3
     number of atoms/cell      =            2
     number of atomic types    =            1
     number of electrons       =         8.00
     number of Kohn-Sham states=            4
     kinetic-energy cutoff     =      35.0000  Ry
     charge density cutoff     =     140.0000  Ry
     Exchange-correlation= PW
                           (   1   4   0   0   0   0   0)

     celldm(1)=   7.207380  celldm(2)=   0.000000  celldm(3)=   0.000000
     celldm(4)=   0.000000  celldm(5)=   0.000000  celldm(6)=   0.000000

     crystal axes: (cart. coord. in units of alat)
               a(1) = (  -0.707107   0.000000   0.707107 )  
               a(2) = (   0.000000   0.707107   0.707107 )  
               a(3) = (  -0.707107   0.707107   0.000000 )  

     reciprocal axes: (cart. coord. in units 2 pi/alat)
               b(1) = ( -0.707107 -0.707107  0.707107 )  
               b(2) = (  0.707107  0.707107  0.707107 )  
               b(3) = ( -0.707107  0.707107 -0.707107 )  


     PseudoPot. # 1 for Si read from file:
     ./Si.upf
     MD5 check sum: 9e2d726316af3d4752eea8ab0afbb951
     Pseudo is Norm-conserving + core correction, Zval =  4.0
     Generated using ONCVPSP code by D. R. Hamann
     Using radial grid of 1510 points,  6 beta functions with: 
                l(1) =   0
                l(2) =   0
                l(3) =   1
                l(4) =   1
                l(5) =   2
                l(6) =   2

     atomic species   valence    mass     pseudopotential
     Si                4.00    28.08600     Si( 1.00)

     48 Sym. Ops., with inversion, found



   Cartesian axes

     site n.     atom                  positions (alat units)
         1        Si     tau(   1) = (   0.0000000   0.0000000   0.0000000  )
         2        Si     tau(   2) = (  -0.3535534   0.3535534   0.3535534  )

     number of k points=   728

     Number of k-points >= 100: set verbosity='high' to print them.

     Dense  grid:     7391 G-vectors     FFT dimensions: (  32,  32,  32)

     Estimated max dynamical RAM per process >       1.36 MB

     Estimated total dynamical RAM >      16.35 MB

     The potential is recalculated from file :
     ./tmp/_ph0/si.save/charge-density

     Starting wfcs are    8 atomic wfcs

     Band Structure Calculation
     Davidson diagonalization with overlap

     ethr =  1.25E-10,  avg # of iterations = 12.6

     total cpu time spent up to now is        5.0 secs

     End of band structure calculation

     Number of k-points >= 100: set verbosity='high' to print the bands.

     highest occupied level (ev):     6.2489

     Writing config to output data dir ./tmp/_ph0/si.save/ :
     XML data file

     Si                                                                         

     bravais-lattice index     =            0
     lattice parameter (alat)  =       7.2074  a.u.
     unit-cell volume          =     264.7386 (a.u.)^3
     number of atoms/cell      =            2
     number of atomic types    =            1
     kinetic-energy cut-off    =      35.0000  Ry
     charge density cut-off    =     140.0000  Ry
     convergence threshold     =      1.0E-12
     beta                      =       0.7000
     number of iterations used =            4
     Exchange-correlation= PW
                           (   1   4   0   0   0   0   0)


     celldm(1)=    7.20738  celldm(2)=    0.00000  celldm(3)=    0.00000
     celldm(4)=    0.00000  celldm(5)=    0.00000  celldm(6)=    0.00000

     crystal axes: (cart. coord. in units of alat)
               a(1) = ( -0.7071  0.0000  0.7071 )  
               a(2) = (  0.0000  0.7071  0.7071 )  
               a(3) = ( -0.7071  0.7071  0.0000 )  

     reciprocal axes: (cart. coord. in units 2 pi/alat)
               b(1) = ( -0.7071 -0.7071  0.7071 )  
               b(2) = (  0.7071  0.7071  0.7071 )  
               b(3) = ( -0.7071  0.7071 -0.7071 )  


     Atoms inside the unit cell: 

     Cartesian axes

     site n.  atom      mass           positions (alat units)
        1  Si     28.0860   tau(    1) = (    0.00000    0.00000    0.00000  )
        2  Si     28.0860   tau(    2) = (   -0.35355    0.35355    0.35355  )

     Computing dynamical matrix for 
                    q = (  -0.2357023   0.2357023  -0.2357023 )
 
      6 Sym.Ops. (no q -> -q+G )


     G cutoff =  184.2142  (    618 G-vectors)     FFT grid: ( 32, 32, 32)
     number of k points=   728

     PseudoPot. # 1 for Si read from file:
     ./Si.upf
     MD5 check sum: 9e2d726316af3d4752eea8ab0afbb951
     Pseudo is Norm-conserving + core correction, Zval =  4.0
     Generated using ONCVPSP code by D. R. Hamann
     Using radial grid of 1510 points,  6 beta functions with: 
                l(1) =   0
                l(2) =   0
                l(3) =   1
                l(4) =   1
                l(5) =   2
                l(6) =   2

     Mode symmetry, C_3v (3m)   point group:


     Atomic displacements:
     There are    4 irreducible representations

     Representation     1      1 modes -  To be done

     Representation     2      1 modes -  To be done

     Representation     3      2 modes -  To be done

     Representation     4      2 modes -  To be done



     Alpha used in Ewald sum =   1.5000
     PHONON       :     41.11s CPU     44.91s WALL



     Representation #   1 mode #   1

     Self-consistent Calculation

      iter #   1 total cpu time :    45.6 secs   av.it.:   6.5
      thresh= 1.000E-02 alpha_mix =  0.700 |ddv_scf|^2 =  1.515E-04

      iter #   2 total cpu time :    46.6 secs   av.it.:   9.5
      thresh= 1.231E-03 alpha_mix =  0.700 |ddv_scf|^2 =  1.209E-03

      iter #   3 total cpu time :    47.4 secs   av.it.:   8.0
      thresh= 3.477E-03 alpha_mix =  0.700 |ddv_scf|^2 =  2.226E-07

      iter #   4 total cpu time :    48.3 secs   av.it.:   9.6
      thresh= 4.718E-05 alpha_mix =  0.700 |ddv_scf|^2 =  4.523E-09

      iter #   5 total cpu time :    49.2 secs   av.it.:   9.6
      thresh= 6.725E-06 alpha_mix =  0.700 |ddv_scf|^2 =  4.919E-11

      iter #   6 total cpu time :    50.2 secs   av.it.:  10.2
      thresh= 7.014E-07 alpha_mix =  0.700 |ddv_scf|^2 =  1.253E-11

      iter #   7 total cpu time :    51.1 secs   av.it.:   9.6
      thresh= 3.539E-07 alpha_mix =  0.700 |ddv_scf|^2 =  2.558E-11

      iter #   8 total cpu time :    52.0 secs   av.it.:   8.8
      thresh= 5.058E-07 alpha_mix =  0.700 |ddv_scf|^2 =  4.463E-12

      iter #   9 total cpu time :    52.9 secs   av.it.:   8.8
      thresh= 2.113E-07 alpha_mix =  0.700 |ddv_scf|^2 =  5.828E-13

     End of self-consistent calculation

     Convergence has been achieved 


     Representation #   2 mode #   2

     Self-consistent Calculation

      iter #   1 total cpu time :    53.7 secs   av.it.:   6.5
      thresh= 1.000E-02 alpha_mix =  0.700 |ddv_scf|^2 =  1.515E-04

      iter #   2 total cpu time :    54.6 secs   av.it.:   9.5
      thresh= 1.231E-03 alpha_mix =  0.700 |ddv_scf|^2 =  1.209E-03

      iter #   3 total cpu time :    55.4 secs   av.it.:   8.0
      thresh= 3.477E-03 alpha_mix =  0.700 |ddv_scf|^2 =  2.226E-07

      iter #   4 total cpu time :    56.4 secs   av.it.:   9.6
      thresh= 4.718E-05 alpha_mix =  0.700 |ddv_scf|^2 =  4.524E-09

      iter #   5 total cpu time :    57.3 secs   av.it.:   9.6
      thresh= 6.726E-06 alpha_mix =  0.700 |ddv_scf|^2 =  4.939E-11

      iter #   6 total cpu time :    58.3 secs   av.it.:  10.2
      thresh= 7.028E-07 alpha_mix =  0.700 |ddv_scf|^2 =  1.365E-11

      iter #   7 total cpu time :    59.3 secs   av.it.:   9.6
      thresh= 3.694E-07 alpha_mix =  0.700 |ddv_scf|^2 =  2.748E-11

      iter #   8 total cpu time :    60.2 secs   av.it.:   8.8
      thresh= 5.242E-07 alpha_mix =  0.700 |ddv_scf|^2 =  4.483E-12

      iter #   9 total cpu time :    61.1 secs   av.it.:   8.8
      thresh= 2.117E-07 alpha_mix =  0.700 |ddv_scf|^2 =  5.820E-13

     End of self-consistent calculation

     Convergence has been achieved 


     Representation #   3 modes #   3   4

     Self-consistent Calculation

      iter #   1 total cpu time :    62.5 secs   av.it.:   6.1
      thresh= 1.000E-02 alpha_mix =  0.700 |ddv_scf|^2 =  8.508E-08

      iter #   2 total cpu time :    64.7 secs   av.it.:  11.2
      thresh= 2.917E-05 alpha_mix =  0.700 |ddv_scf|^2 =  5.900E-09

      iter #   3 total cpu time :    66.9 secs   av.it.:  11.0
      thresh= 7.681E-06 alpha_mix =  0.700 |ddv_scf|^2 =  8.523E-11

      iter #   4 total cpu time :    69.1 secs   av.it.:  11.2
      thresh= 9.232E-07 alpha_mix =  0.700 |ddv_scf|^2 =  8.579E-13

     End of self-consistent calculation

     Convergence has been achieved 


     Representation #   4 modes #   5   6

     Self-consistent Calculation

      iter #   1 total cpu time :    70.6 secs   av.it.:   6.1
      thresh= 1.000E-02 alpha_mix =  0.700 |ddv_scf|^2 =  8.506E-08

      iter #   2 total cpu time :    72.7 secs   av.it.:  11.1
      thresh= 2.917E-05 alpha_mix =  0.700 |ddv_scf|^2 =  5.892E-09

      iter #   3 total cpu time :    74.8 secs   av.it.:  10.9
      thresh= 7.676E-06 alpha_mix =  0.700 |ddv_scf|^2 =  8.526E-11

      iter #   4 total cpu time :    76.7 secs   av.it.:  11.1
      thresh= 9.234E-07 alpha_mix =  0.700 |ddv_scf|^2 =  8.574E-13

     End of self-consistent calculation

     Convergence has been achieved 
 
     Number of q in the star =    8
     List of q in the star:
          1  -0.235702260   0.235702260  -0.235702260
          2   0.235702260   0.235702260   0.235702260
          3  -0.235702260  -0.235702260  -0.235702260
          4   0.235702260  -0.235702260   0.235702260
          5   0.235702260  -0.235702260  -0.235702260
          6   0.235702260   0.235702260  -0.235702260
          7  -0.235702260  -0.235702260   0.235702260
          8  -0.235702260   0.235702260   0.235702260

     Diagonalizing the dynamical matrix

     q = (   -0.235702260   0.235702260  -0.235702260 ) 

 **************************************************************************
     freq (    1) =       2.938570 [THz] =      98.020158 [cm-1]
     freq (    2) =       2.938570 [THz] =      98.020158 [cm-1]
     freq (    3) =       8.751772 [THz] =     291.927680 [cm-1]
     freq (    4) =      13.844161 [THz] =     461.791504 [cm-1]
     freq (    5) =      14.730486 [THz] =     491.356126 [cm-1]
     freq (    6) =      14.730486 [THz] =     491.356126 [cm-1]
 **************************************************************************

     Mode symmetry, C_3v (3m)   point group:

     freq (   1-   2) =         98.0  [cm-1]   --> E    L_3           
     freq (   3-   3) =        291.9  [cm-1]   --> A_1  L_1           
     freq (   4-   4) =        461.8  [cm-1]   --> A_1  L_1           
     freq (   5-   6) =        491.4  [cm-1]   --> E    L_3           

     Calculation of q =    0.3535534  -0.3535534   0.3535534
 
     Parallelization info
     --------------------
     sticks:   dense  smooth     PW     G-vecs:    dense   smooth      PW
     Min          41      41     15                  614      614     140
     Max          42      42     16                  618      618     143
     Sum         499     499    187                 7391     7391    1687
 
     Using Slab Decomposition
 

     Title: 
     Si                                                                         


     bravais-lattice index     =            0
     lattice parameter (alat)  =       7.2074  a.u.
     unit-cell volume          =     264.7386 (a.u.)^3
     number of atoms/cell      =            2
     number of atomic types    =            1
     number of electrons       =         8.00
     number of Kohn-Sham states=            4
     kinetic-energy cutoff     =      35.0000  Ry
     charge density cutoff     =     140.0000  Ry
     Exchange-correlation= PW
                           (   1   4   0   0   0   0   0)

     celldm(1)=   7.207380  celldm(2)=   0.000000  celldm(3)=   0.000000
     celldm(4)=   0.000000  celldm(5)=   0.000000  celldm(6)=   0.000000

     crystal axes: (cart. coord. in units of alat)
               a(1) = (  -0.707107   0.000000   0.707107 )  
               a(2) = (   0.000000   0.707107   0.707107 )  
               a(3) = (  -0.707107   0.707107   0.000000 )  

     reciprocal axes: (cart. coord. in units 2 pi/alat)
               b(1) = ( -0.707107 -0.707107  0.707107 )  
               b(2) = (  0.707107  0.707107  0.707107 )  
               b(3) = ( -0.707107  0.707107 -0.707107 )  


     PseudoPot. # 1 for Si read from file:
     ./Si.upf
     MD5 check sum: 9e2d726316af3d4752eea8ab0afbb951
     Pseudo is Norm-conserving + core correction, Zval =  4.0
     Generated using ONCVPSP code by D. R. Hamann
     Using radial grid of 1510 points,  6 beta functions with: 
                l(1) =   0
                l(2) =   0
                l(3) =   1
                l(4) =   1
                l(5) =   2
                l(6) =   2

     atomic species   valence    mass     pseudopotential
     Si                4.00    28.08600     Si( 1.00)

     48 Sym. Ops., with inversion, found



   Cartesian axes

     site n.     atom                  positions (alat units)
         1        Si     tau(   1) = (   0.0000000   0.0000000   0.0000000  )
         2        Si     tau(   2) = (  -0.3535534   0.3535534   0.3535534  )

     number of k points=   378

     Number of k-points >= 100: set verbosity='high' to print them.

     Dense  grid:     7391 G-vectors     FFT dimensions: (  32,  32,  32)

     Estimated max dynamical RAM per process >       1.38 MB

     Estimated total dynamical RAM >      16.52 MB

     The potential is recalculated from file :
     ./tmp/_ph0/si.save/charge-density

     Starting wfcs are    8 atomic wfcs

     Band Structure Calculation
     Davidson diagonalization with overlap

     ethr =  1.25E-10,  avg # of iterations = 12.5

     total cpu time spent up to now is        6.3 secs

     End of band structure calculation

     Number of k-points >= 100: set verbosity='high' to print the bands.

     highest occupied level (ev):     6.2489

     Writing config to output data dir ./tmp/_ph0/si.save/ :
     XML data file

     Si                                                                         

     bravais-lattice index     =            0
     lattice parameter (alat)  =       7.2074  a.u.
     unit-cell volume          =     264.7386 (a.u.)^3
     number of atoms/cell      =            2
     number of atomic types    =            1
     kinetic-energy cut-off    =      35.0000  Ry
     charge density cut-off    =     140.0000  Ry
     convergence threshold     =      1.0E-12
     beta                      =       0.7000
     number of iterations used =            4
     Exchange-correlation= PW
                           (   1   4   0   0   0   0   0)


     celldm(1)=    7.20738  celldm(2)=    0.00000  celldm(3)=    0.00000
     celldm(4)=    0.00000  celldm(5)=    0.00000  celldm(6)=    0.00000

     crystal axes: (cart. coord. in units of alat)
               a(1) = ( -0.7071  0.0000  0.7071 )  
               a(2) = (  0.0000  0.7071  0.7071 )  
               a(3) = ( -0.7071  0.7071  0.0000 )  

     reciprocal axes: (cart. coord. in units 2 pi/alat)
               b(1) = ( -0.7071 -0.7071  0.7071 )  
               b(2) = (  0.7071  0.7071  0.7071 )  
               b(3) = ( -0.7071  0.7071 -0.7071 )  


     Atoms inside the unit cell: 

     Cartesian axes

     site n.  atom      mass           positions (alat units)
        1  Si     28.0860   tau(    1) = (    0.00000    0.00000    0.00000  )
        2  Si     28.0860   tau(    2) = (   -0.35355    0.35355    0.35355  )

     Computing dynamical matrix for 
                    q = (   0.3535534  -0.3535534   0.3535534 )
 
     13 Sym.Ops. (with q -> -q+G )


     G cutoff =  184.2142  (    618 G-vectors)     FFT grid: ( 32, 32, 32)
     number of k points=   378

     PseudoPot. # 1 for Si read from file:
     ./Si.upf
     MD5 check sum: 9e2d726316af3d4752eea8ab0afbb951
     Pseudo is Norm-conserving + core correction, Zval =  4.0
     Generated using ONCVPSP code by D. R. Hamann
     Using radial grid of 1510 points,  6 beta functions with: 
                l(1) =   0
                l(2) =   0
                l(3) =   1
                l(4) =   1
                l(5) =   2
                l(6) =   2


     Atomic displacements:
     There are    4 irreducible representations

     Representation     1      1 modes -  To be done

     Representation     2      1 modes -  To be done

     Representation     3      2 modes -  To be done

     Representation     4      2 modes -  To be done



     Alpha used in Ewald sum =   1.5000
     PHONON       :   1m11.36s CPU   1m18.13s WALL



     Representation #   1 mode #   1

     Self-consistent Calculation

      iter #   1 total cpu time :    78.5 secs   av.it.:   5.8
      thresh= 1.000E-02 alpha_mix =  0.700 |ddv_scf|^2 =  4.847E-06

      iter #   2 total cpu time :    79.0 secs   av.it.:   9.7
      thresh= 2.202E-04 alpha_mix =  0.700 |ddv_scf|^2 =  4.473E-06

      iter #   3 total cpu time :    79.5 secs   av.it.:   8.9
      thresh= 2.115E-04 alpha_mix =  0.700 |ddv_scf|^2 =  6.032E-10

      iter #   4 total cpu time :    80.0 secs   av.it.:   9.8
      thresh= 2.456E-06 alpha_mix =  0.700 |ddv_scf|^2 =  1.057E-11

      iter #   5 total cpu time :    80.5 secs   av.it.:   9.4
      thresh= 3.252E-07 alpha_mix =  0.700 |ddv_scf|^2 =  1.443E-13

     End of self-consistent calculation

     Convergence has been achieved 


     Representation #   2 mode #   2

     Self-consistent Calculation

      iter #   1 total cpu time :    80.9 secs   av.it.:   6.6
      thresh= 1.000E-02 alpha_mix =  0.700 |ddv_scf|^2 =  7.404E-05

      iter #   2 total cpu time :    81.4 secs   av.it.:   9.8
      thresh= 8.605E-04 alpha_mix =  0.700 |ddv_scf|^2 =  2.419E-04

      iter #   3 total cpu time :    81.9 secs   av.it.:   8.8
      thresh= 1.555E-03 alpha_mix =  0.700 |ddv_scf|^2 =  1.446E-08

      iter #   4 total cpu time :    82.3 secs   av.it.:   9.4
      thresh= 1.202E-05 alpha_mix =  0.700 |ddv_scf|^2 =  3.006E-10

      iter #   5 total cpu time :    82.8 secs   av.it.:  10.0
      thresh= 1.734E-06 alpha_mix =  0.700 |ddv_scf|^2 =  1.481E-11

      iter #   6 total cpu time :    83.3 secs   av.it.:   9.7
      thresh= 3.848E-07 alpha_mix =  0.700 |ddv_scf|^2 =  4.050E-13

     End of self-consistent calculation

     Convergence has been achieved 


     Representation #   3 modes #   3   4

     Self-consistent Calculation

      iter #   1 total cpu time :    84.0 secs   av.it.:   5.9
      thresh= 1.000E-02 alpha_mix =  0.700 |ddv_scf|^2 =  1.712E-07

      iter #   2 total cpu time :    85.1 secs   av.it.:  11.0
      thresh= 4.138E-05 alpha_mix =  0.700 |ddv_scf|^2 =  1.452E-08

      iter #   3 total cpu time :    86.2 secs   av.it.:  10.7
      thresh= 1.205E-05 alpha_mix =  0.700 |ddv_scf|^2 =  9.715E-11

      iter #   4 total cpu time :    87.2 secs   av.it.:  10.7
      thresh= 9.856E-07 alpha_mix =  0.700 |ddv_scf|^2 =  1.086E-13

     End of self-consistent calculation

     Convergence has been achieved 


     Representation #   4 modes #   5   6

     Self-consistent Calculation

      iter #   1 total cpu time :    87.9 secs   av.it.:   5.6
      thresh= 1.000E-02 alpha_mix =  0.700 |ddv_scf|^2 =  1.944E-08

      iter #   2 total cpu time :    89.0 secs   av.it.:  10.9
      thresh= 1.394E-05 alpha_mix =  0.700 |ddv_scf|^2 =  5.092E-10

      iter #   3 total cpu time :    90.1 secs   av.it.:  10.9
      thresh= 2.257E-06 alpha_mix =  0.700 |ddv_scf|^2 =  3.133E-11

      iter #   4 total cpu time :    91.2 secs   av.it.:  11.0
      thresh= 5.597E-07 alpha_mix =  0.700 |ddv_scf|^2 =  1.337E-13

     End of self-consistent calculation

     Convergence has been achieved 
 
     Number of q in the star =    4
     List of q in the star:
          1   0.353553391  -0.353553391   0.353553391
          2   0.353553391   0.353553391   0.353553391
          3  -0.353553391   0.353553391   0.353553391
          4   0.353553391   0.353553391  -0.353553391

     Diagonalizing the dynamical matrix

     q = (    0.353553391  -0.353553391   0.353553391 ) 

 **************************************************************************
     freq (    1) =       3.145972 [THz] =     104.938331 [cm-1]
     freq (    2) =       3.145972 [THz] =     104.938331 [cm-1]
     freq (    3) =      11.162271 [THz] =     372.333289 [cm-1]
     freq (    4) =      12.384601 [THz] =     413.105811 [cm-1]
     freq (    5) =      14.688294 [THz] =     489.948738 [cm-1]
     freq (    6) =      14.688294 [THz] =     489.948738 [cm-1]
 **************************************************************************

     Calculation of q =    0.0000000   0.2357023   0.0000000
 
     Parallelization info
     --------------------
     sticks:   dense  smooth     PW     G-vecs:    dense   smooth      PW
     Min          41      41     13                  614      614     119
     Max          42      42     14                  618      618     123
     Sum         499     499    163                 7391     7391    1459
 
     Using Slab Decomposition
 

     Title: 
     Si                                                                         


     bravais-lattice index     =            0
     lattice parameter (alat)  =       7.2074  a.u.
     unit-cell volume          =     264.7386 (a.u.)^3
     number of atoms/cell      =            2
     number of atomic types    =            1
     number of electrons       =         8.00
     number of Kohn-Sham states=            4
     kinetic-energy cutoff     =      35.0000  Ry
     charge density cutoff     =     140.0000  Ry
     Exchange-correlation= PW
                           (   1   4   0   0   0   0   0)

     celldm(1)=   7.207380  celldm(2)=   0.000000  celldm(3)=   0.000000
     celldm(4)=   0.000000  celldm(5)=   0.000000  celldm(6)=   0.000000

     crystal axes: (cart. coord. in units of alat)
               a(1) = (  -0.707107   0.000000   0.707107 )  
               a(2) = (   0.000000   0.707107   0.707107 )  
               a(3) = (  -0.707107   0.707107   0.000000 )  

     reciprocal axes: (cart. coord. in units 2 pi/alat)
               b(1) = ( -0.707107 -0.707107  0.707107 )  
               b(2) = (  0.707107  0.707107  0.707107 )  
               b(3) = ( -0.707107  0.707107 -0.707107 )  


     PseudoPot. # 1 for Si read from file:
     ./Si.upf
     MD5 check sum: 9e2d726316af3d4752eea8ab0afbb951
     Pseudo is Norm-conserving + core correction, Zval =  4.0
     Generated using ONCVPSP code by D. R. Hamann
     Using radial grid of 1510 points,  6 beta functions with: 
                l(1) =   0
                l(2) =   0
                l(3) =   1
                l(4) =   1
                l(5) =   2
                l(6) =   2

     atomic species   valence    mass     pseudopotential
     Si                4.00    28.08600     Si( 1.00)

     48 Sym. Ops., with inversion, found



   Cartesian axes

     site n.     atom                  positions (alat units)
         1        Si     tau(   1) = (   0.0000000   0.0000000   0.0000000  )
         2        Si     tau(   2) = (  -0.3535534   0.3535534   0.3535534  )

     number of k points=   588

     Number of k-points >= 100: set verbosity='high' to print them.

     Dense  grid:     7391 G-vectors     FFT dimensions: (  32,  32,  32)

     Estimated max dynamical RAM per process >       1.35 MB

     Estimated total dynamical RAM >      16.21 MB

     The potential is recalculated from file :
     ./tmp/_ph0/si.save/charge-density

     Starting wfcs are    8 atomic wfcs

     Band Structure Calculation
     Davidson diagonalization with overlap

     ethr =  1.25E-10,  avg # of iterations = 12.5

     total cpu time spent up to now is        8.3 secs

     End of band structure calculation

     Number of k-points >= 100: set verbosity='high' to print the bands.

     highest occupied level (ev):     6.2489

     Writing config to output data dir ./tmp/_ph0/si.save/ :
     XML data file

     Si                                                                         

     bravais-lattice index     =            0
     lattice parameter (alat)  =       7.2074  a.u.
     unit-cell volume          =     264.7386 (a.u.)^3
     number of atoms/cell      =            2
     number of atomic types    =            1
     kinetic-energy cut-off    =      35.0000  Ry
     charge density cut-off    =     140.0000  Ry
     convergence threshold     =      1.0E-12
     beta                      =       0.7000
     number of iterations used =            4
     Exchange-correlation= PW
                           (   1   4   0   0   0   0   0)


     celldm(1)=    7.20738  celldm(2)=    0.00000  celldm(3)=    0.00000
     celldm(4)=    0.00000  celldm(5)=    0.00000  celldm(6)=    0.00000

     crystal axes: (cart. coord. in units of alat)
               a(1) = ( -0.7071  0.0000  0.7071 )  
               a(2) = (  0.0000  0.7071  0.7071 )  
               a(3) = ( -0.7071  0.7071  0.0000 )  

     reciprocal axes: (cart. coord. in units 2 pi/alat)
               b(1) = ( -0.7071 -0.7071  0.7071 )  
               b(2) = (  0.7071  0.7071  0.7071 )  
               b(3) = ( -0.7071  0.7071 -0.7071 )  


     Atoms inside the unit cell: 

     Cartesian axes

     site n.  atom      mass           positions (alat units)
        1  Si     28.0860   tau(    1) = (    0.00000    0.00000    0.00000  )
        2  Si     28.0860   tau(    2) = (   -0.35355    0.35355    0.35355  )

     Computing dynamical matrix for 
                    q = (   0.0000000   0.2357023   0.0000000 )
 
      8 Sym.Ops. (no q -> -q+G )


     G cutoff =  184.2142  (    618 G-vectors)     FFT grid: ( 32, 32, 32)
     number of k points=   588

     PseudoPot. # 1 for Si read from file:
     ./Si.upf
     MD5 check sum: 9e2d726316af3d4752eea8ab0afbb951
     Pseudo is Norm-conserving + core correction, Zval =  4.0
     Generated using ONCVPSP code by D. R. Hamann
     Using radial grid of 1510 points,  6 beta functions with: 
                l(1) =   0
                l(2) =   0
                l(3) =   1
                l(4) =   1
                l(5) =   2
                l(6) =   2

     Mode symmetry, C_4v (4mm)  point group:


     Atomic displacements:
     There are    4 irreducible representations

     Representation     1      1 modes -  To be done

     Representation     2      1 modes -  To be done

     Representation     3      2 modes -  To be done

     Representation     4      2 modes -  To be done



     Alpha used in Ewald sum =   1.5000
     PHONON       :   1m25.23s CPU   1m33.32s WALL



     Representation #   1 mode #   1

     Self-consistent Calculation

      iter #   1 total cpu time :    93.9 secs   av.it.:   6.6
      thresh= 1.000E-02 alpha_mix =  0.700 |ddv_scf|^2 =  3.212E-03

      iter #   2 total cpu time :    94.6 secs   av.it.:   8.6
      thresh= 5.667E-03 alpha_mix =  0.700 |ddv_scf|^2 =  9.789E-02

      iter #   3 total cpu time :    95.3 secs   av.it.:   7.9
      thresh= 1.000E-02 alpha_mix =  0.700 |ddv_scf|^2 =  9.103E-08

      iter #   4 total cpu time :    96.0 secs   av.it.:   8.6
      thresh= 3.017E-05 alpha_mix =  0.700 |ddv_scf|^2 =  4.120E-09

      iter #   5 total cpu time :    96.7 secs   av.it.:   8.2
      thresh= 6.419E-06 alpha_mix =  0.700 |ddv_scf|^2 =  1.392E-09

      iter #   6 total cpu time :    97.3 secs   av.it.:   7.7
      thresh= 3.731E-06 alpha_mix =  0.700 |ddv_scf|^2 =  1.677E-12

      iter #   7 total cpu time :    98.0 secs   av.it.:   8.0
      thresh= 1.295E-07 alpha_mix =  0.700 |ddv_scf|^2 =  4.446E-14

     End of self-consistent calculation

     Convergence has been achieved 


     Representation #   2 mode #   2

     Self-consistent Calculation

      iter #   1 total cpu time :    98.6 secs   av.it.:   5.8
      thresh= 1.000E-02 alpha_mix =  0.700 |ddv_scf|^2 =  4.910E-07

      iter #   2 total cpu time :    99.3 secs   av.it.:   9.9
      thresh= 7.007E-05 alpha_mix =  0.700 |ddv_scf|^2 =  7.958E-08

      iter #   3 total cpu time :   100.1 secs   av.it.:   9.6
      thresh= 2.821E-05 alpha_mix =  0.700 |ddv_scf|^2 =  1.005E-09

      iter #   4 total cpu time :   100.8 secs   av.it.:   9.8
      thresh= 3.171E-06 alpha_mix =  0.700 |ddv_scf|^2 =  4.177E-11

      iter #   5 total cpu time :   101.6 secs   av.it.:   9.9
      thresh= 6.463E-07 alpha_mix =  0.700 |ddv_scf|^2 =  9.495E-14

     End of self-consistent calculation

     Convergence has been achieved 


     Representation #   3 modes #   3   4

     Self-consistent Calculation

      iter #   1 total cpu time :   102.8 secs   av.it.:   6.0
      thresh= 1.000E-02 alpha_mix =  0.700 |ddv_scf|^2 =  8.882E-08

      iter #   2 total cpu time :   104.5 secs   av.it.:  11.0
      thresh= 2.980E-05 alpha_mix =  0.700 |ddv_scf|^2 =  8.093E-09

      iter #   3 total cpu time :   106.2 secs   av.it.:  10.8
      thresh= 8.996E-06 alpha_mix =  0.700 |ddv_scf|^2 =  9.438E-11

      iter #   4 total cpu time :   107.9 secs   av.it.:  11.0
      thresh= 9.715E-07 alpha_mix =  0.700 |ddv_scf|^2 =  1.064E-12

      iter #   5 total cpu time :   109.6 secs   av.it.:  10.9
      thresh= 1.032E-07 alpha_mix =  0.700 |ddv_scf|^2 =  1.759E-14

     End of self-consistent calculation

     Convergence has been achieved 


     Representation #   4 modes #   5   6

     Self-consistent Calculation

      iter #   1 total cpu time :   110.7 secs   av.it.:   6.1
      thresh= 1.000E-02 alpha_mix =  0.700 |ddv_scf|^2 =  1.171E-07

      iter #   2 total cpu time :   112.4 secs   av.it.:  11.0
      thresh= 3.422E-05 alpha_mix =  0.700 |ddv_scf|^2 =  1.104E-08

      iter #   3 total cpu time :   113.9 secs   av.it.:  10.7
      thresh= 1.051E-05 alpha_mix =  0.700 |ddv_scf|^2 =  9.989E-11

      iter #   4 total cpu time :   115.5 secs   av.it.:  11.0
      thresh= 9.995E-07 alpha_mix =  0.700 |ddv_scf|^2 =  6.807E-13

     End of self-consistent calculation

     Convergence has been achieved 
 
     Number of q in the star =    6
     List of q in the star:
          1   0.000000000   0.235702260   0.000000000
          2   0.235702260   0.000000000   0.000000000
          3   0.000000000   0.000000000   0.235702260
          4   0.000000000  -0.235702260   0.000000000
          5  -0.235702260   0.000000000   0.000000000
          6   0.000000000   0.000000000  -0.235702260

     Diagonalizing the dynamical matrix

     q = (    0.000000000   0.235702260   0.000000000 ) 

 **************************************************************************
     freq (    1) =       2.917604 [THz] =      97.320778 [cm-1]
     freq (    2) =       2.917604 [THz] =      97.320778 [cm-1]
     freq (    3) =       4.944682 [THz] =     164.936830 [cm-1]
     freq (    4) =      14.645627 [THz] =     488.525534 [cm-1]
     freq (    5) =      14.645627 [THz] =     488.525534 [cm-1]
     freq (    6) =      15.130954 [THz] =     504.714283 [cm-1]
 **************************************************************************

     Mode symmetry, C_4v (4mm)  point group:

     freq (   1-   2) =         97.3  [cm-1]   --> E    G_5 D_5       
     freq (   3-   3) =        164.9  [cm-1]   --> A_1  G_1 D_1       
     freq (   4-   5) =        488.5  [cm-1]   --> E    G_5 D_5       
     freq (   6-   6) =        504.7  [cm-1]   --> B_2  G_4 D_2'      

     Calculation of q =   -0.1178511   0.3535534  -0.1178511
 
     Parallelization info
     --------------------
     sticks:   dense  smooth     PW     G-vecs:    dense   smooth      PW
     Min          41      41     14                  614      614     121
     Max          42      42     15                  618      618     124
     Sum         499     499    169                 7391     7391    1471
 
     Using Slab Decomposition
 

     Title: 
     Si                                                                         


     bravais-lattice index     =            0
     lattice parameter (alat)  =       7.2074  a.u.
     unit-cell volume          =     264.7386 (a.u.)^3
     number of atoms/cell      =            2
     number of atomic types    =            1
     number of electrons       =         8.00
     number of Kohn-Sham states=            4
     kinetic-energy cutoff     =      35.0000  Ry
     charge density cutoff     =     140.0000  Ry
     Exchange-correlation= PW
                           (   1   4   0   0   0   0   0)

     celldm(1)=   7.207380  celldm(2)=   0.000000  celldm(3)=   0.000000
     celldm(4)=   0.000000  celldm(5)=   0.000000  celldm(6)=   0.000000

     crystal axes: (cart. coord. in units of alat)
               a(1) = (  -0.707107   0.000000   0.707107 )  
               a(2) = (   0.000000   0.707107   0.707107 )  
               a(3) = (  -0.707107   0.707107   0.000000 )  

     reciprocal axes: (cart. coord. in units 2 pi/alat)
               b(1) = ( -0.707107 -0.707107  0.707107 )  
               b(2) = (  0.707107  0.707107  0.707107 )  
               b(3) = ( -0.707107  0.707107 -0.707107 )  


     PseudoPot. # 1 for Si read from file:
     ./Si.upf
     MD5 check sum: 9e2d726316af3d4752eea8ab0afbb951
     Pseudo is Norm-conserving + core correction, Zval =  4.0
     Generated using ONCVPSP code by D. R. Hamann
     Using radial grid of 1510 points,  6 beta functions with: 
                l(1) =   0
                l(2) =   0
                l(3) =   1
                l(4) =   1
                l(5) =   2
                l(6) =   2

     atomic species   valence    mass     pseudopotential
     Si                4.00    28.08600     Si( 1.00)

     48 Sym. Ops., with inversion, found



   Cartesian axes

     site n.     atom                  positions (alat units)
         1        Si     tau(   1) = (   0.0000000   0.0000000   0.0000000  )
         2        Si     tau(   2) = (  -0.3535534   0.3535534   0.3535534  )

     number of k points=  1872

     Number of k-points >= 100: set verbosity='high' to print them.

     Dense  grid:     7391 G-vectors     FFT dimensions: (  32,  32,  32)

     Estimated max dynamical RAM per process >       1.36 MB

     Estimated total dynamical RAM >      16.34 MB

     The potential is recalculated from file :
     ./tmp/_ph0/si.save/charge-density

     Starting wfcs are    8 atomic wfcs

     Band Structure Calculation
     Davidson diagonalization with overlap

     ethr =  1.25E-10,  avg # of iterations = 12.5

     total cpu time spent up to now is       14.7 secs

     End of band structure calculation

     Number of k-points >= 100: set verbosity='high' to print the bands.

     highest occupied level (ev):     6.2489

     Writing config to output data dir ./tmp/_ph0/si.save/ :
     XML data file

     Si                                                                         

     bravais-lattice index     =            0
     lattice parameter (alat)  =       7.2074  a.u.
     unit-cell volume          =     264.7386 (a.u.)^3
     number of atoms/cell      =            2
     number of atomic types    =            1
     kinetic-energy cut-off    =      35.0000  Ry
     charge density cut-off    =     140.0000  Ry
     convergence threshold     =      1.0E-12
     beta                      =       0.7000
     number of iterations used =            4
     Exchange-correlation= PW
                           (   1   4   0   0   0   0   0)


     celldm(1)=    7.20738  celldm(2)=    0.00000  celldm(3)=    0.00000
     celldm(4)=    0.00000  celldm(5)=    0.00000  celldm(6)=    0.00000

     crystal axes: (cart. coord. in units of alat)
               a(1) = ( -0.7071  0.0000  0.7071 )  
               a(2) = (  0.0000  0.7071  0.7071 )  
               a(3) = ( -0.7071  0.7071  0.0000 )  

     reciprocal axes: (cart. coord. in units 2 pi/alat)
               b(1) = ( -0.7071 -0.7071  0.7071 )  
               b(2) = (  0.7071  0.7071  0.7071 )  
               b(3) = ( -0.7071  0.7071 -0.7071 )  


     Atoms inside the unit cell: 

     Cartesian axes

     site n.  atom      mass           positions (alat units)
        1  Si     28.0860   tau(    1) = (    0.00000    0.00000    0.00000  )
        2  Si     28.0860   tau(    2) = (   -0.35355    0.35355    0.35355  )

     Computing dynamical matrix for 
                    q = (  -0.1178511   0.3535534  -0.1178511 )
 
      2 Sym.Ops. (no q -> -q+G )


     G cutoff =  184.2142  (    618 G-vectors)     FFT grid: ( 32, 32, 32)
     number of k points=  1872

     PseudoPot. # 1 for Si read from file:
     ./Si.upf
     MD5 check sum: 9e2d726316af3d4752eea8ab0afbb951
     Pseudo is Norm-conserving + core correction, Zval =  4.0
     Generated using ONCVPSP code by D. R. Hamann
     Using radial grid of 1510 points,  6 beta functions with: 
                l(1) =   0
                l(2) =   0
                l(3) =   1
                l(4) =   1
                l(5) =   2
                l(6) =   2

     Mode symmetry, C_s (m)     point group:


     Atomic displacements:
     There are    6 irreducible representations

     Representation     1      1 modes -  To be done

     Representation     2      1 modes -  To be done

     Representation     3      1 modes -  To be done

     Representation     4      1 modes -  To be done

     Representation     5      1 modes -  To be done

     Representation     6      1 modes -  To be done



     Alpha used in Ewald sum =   1.5000
     PHONON       :   1m51.68s CPU   2m 2.16s WALL



     Representation #   1 mode #   1

     Self-consistent Calculation

      iter #   1 total cpu time :   124.0 secs   av.it.:   6.7
      thresh= 1.000E-02 alpha_mix =  0.700 |ddv_scf|^2 =  1.837E-04

      iter #   2 total cpu time :   126.5 secs   av.it.:   9.7
      thresh= 1.356E-03 alpha_mix =  0.700 |ddv_scf|^2 =  2.004E-03

      iter #   3 total cpu time :   128.5 secs   av.it.:   8.0
      thresh= 4.477E-03 alpha_mix =  0.700 |ddv_scf|^2 =  1.756E-07

      iter #   4 total cpu time :   130.7 secs   av.it.:  10.1
      thresh= 4.190E-05 alpha_mix =  0.700 |ddv_scf|^2 =  7.687E-09

      iter #   5 total cpu time :   132.8 secs   av.it.:   9.8
      thresh= 8.767E-06 alpha_mix =  0.700 |ddv_scf|^2 =  8.287E-11

      iter #   6 total cpu time :   134.9 secs   av.it.:  10.3
      thresh= 9.103E-07 alpha_mix =  0.700 |ddv_scf|^2 =  1.772E-11

      iter #   7 total cpu time :   137.1 secs   av.it.:   9.9
      thresh= 4.209E-07 alpha_mix =  0.700 |ddv_scf|^2 =  5.402E-11

      iter #   8 total cpu time :   139.0 secs   av.it.:   8.8
      thresh= 7.350E-07 alpha_mix =  0.700 |ddv_scf|^2 =  3.012E-11

      iter #   9 total cpu time :   140.9 secs   av.it.:   8.5
      thresh= 5.488E-07 alpha_mix =  0.700 |ddv_scf|^2 =  1.446E-12

      iter #  10 total cpu time :   142.8 secs   av.it.:   9.2
      thresh= 1.203E-07 alpha_mix =  0.700 |ddv_scf|^2 =  1.395E-14

     End of self-consistent calculation

     Convergence has been achieved 


     Representation #   2 mode #   2

     Self-consistent Calculation

      iter #   1 total cpu time :   144.4 secs   av.it.:   6.5
      thresh= 1.000E-02 alpha_mix =  0.700 |ddv_scf|^2 =  1.199E-04

      iter #   2 total cpu time :   146.4 secs   av.it.:   9.7
      thresh= 1.095E-03 alpha_mix =  0.700 |ddv_scf|^2 =  1.287E-03

      iter #   3 total cpu time :   148.1 secs   av.it.:   8.0
      thresh= 3.588E-03 alpha_mix =  0.700 |ddv_scf|^2 =  1.180E-07

      iter #   4 total cpu time :   150.2 secs   av.it.:  10.1
      thresh= 3.436E-05 alpha_mix =  0.700 |ddv_scf|^2 =  6.101E-09

      iter #   5 total cpu time :   152.3 secs   av.it.:   9.9
      thresh= 7.811E-06 alpha_mix =  0.700 |ddv_scf|^2 =  1.438E-10

      iter #   6 total cpu time :   154.4 secs   av.it.:   9.8
      thresh= 1.199E-06 alpha_mix =  0.700 |ddv_scf|^2 =  1.146E-11

      iter #   7 total cpu time :   156.5 secs   av.it.:  10.0
      thresh= 3.385E-07 alpha_mix =  0.700 |ddv_scf|^2 =  1.950E-11

      iter #   8 total cpu time :   158.4 secs   av.it.:   8.9
      thresh= 4.416E-07 alpha_mix =  0.700 |ddv_scf|^2 =  1.157E-11

      iter #   9 total cpu time :   160.3 secs   av.it.:   8.9
      thresh= 3.402E-07 alpha_mix =  0.700 |ddv_scf|^2 =  1.071E-12

      iter #  10 total cpu time :   162.2 secs   av.it.:   9.0
      thresh= 1.035E-07 alpha_mix =  0.700 |ddv_scf|^2 =  8.313E-15

     End of self-consistent calculation

     Convergence has been achieved 


     Representation #   3 mode #   3

     Self-consistent Calculation

      iter #   1 total cpu time :   163.8 secs   av.it.:   6.4
      thresh= 1.000E-02 alpha_mix =  0.700 |ddv_scf|^2 =  8.737E-05

      iter #   2 total cpu time :   165.8 secs   av.it.:   9.7
      thresh= 9.347E-04 alpha_mix =  0.700 |ddv_scf|^2 =  9.596E-04

      iter #   3 total cpu time :   167.5 secs   av.it.:   8.0
      thresh= 3.098E-03 alpha_mix =  0.700 |ddv_scf|^2 =  1.352E-07

      iter #   4 total cpu time :   169.5 secs   av.it.:  10.0
      thresh= 3.678E-05 alpha_mix =  0.700 |ddv_scf|^2 =  4.452E-09

      iter #   5 total cpu time :   171.6 secs   av.it.:   9.9
      thresh= 6.673E-06 alpha_mix =  0.700 |ddv_scf|^2 =  1.376E-10

      iter #   6 total cpu time :   173.7 secs   av.it.:  10.2
      thresh= 1.173E-06 alpha_mix =  0.700 |ddv_scf|^2 =  5.980E-12

      iter #   7 total cpu time :   175.9 secs   av.it.:  10.4
      thresh= 2.445E-07 alpha_mix =  0.700 |ddv_scf|^2 =  6.290E-12

      iter #   8 total cpu time :   177.7 secs   av.it.:   8.6
      thresh= 2.508E-07 alpha_mix =  0.700 |ddv_scf|^2 =  2.033E-12

      iter #   9 total cpu time :   179.6 secs   av.it.:   9.2
      thresh= 1.426E-07 alpha_mix =  0.700 |ddv_scf|^2 =  1.899E-12

      iter #  10 total cpu time :   181.4 secs   av.it.:   8.5
      thresh= 1.378E-07 alpha_mix =  0.700 |ddv_scf|^2 =  6.088E-16

     End of self-consistent calculation

     Convergence has been achieved 


     Representation #   4 mode #   4

     Self-consistent Calculation

      iter #   1 total cpu time :   183.0 secs   av.it.:   6.2
      thresh= 1.000E-02 alpha_mix =  0.700 |ddv_scf|^2 =  2.356E-05

      iter #   2 total cpu time :   185.0 secs   av.it.:   9.7
      thresh= 4.854E-04 alpha_mix =  0.700 |ddv_scf|^2 =  2.428E-04

      iter #   3 total cpu time :   186.8 secs   av.it.:   8.0
      thresh= 1.558E-03 alpha_mix =  0.700 |ddv_scf|^2 =  1.002E-07

      iter #   4 total cpu time :   188.8 secs   av.it.:   9.9
      thresh= 3.166E-05 alpha_mix =  0.700 |ddv_scf|^2 =  2.557E-09

      iter #   5 total cpu time :   190.9 secs   av.it.:   9.9
      thresh= 5.057E-06 alpha_mix =  0.700 |ddv_scf|^2 =  1.279E-10

      iter #   6 total cpu time :   193.0 secs   av.it.:  10.3
      thresh= 1.131E-06 alpha_mix =  0.700 |ddv_scf|^2 =  1.253E-11

      iter #   7 total cpu time :   195.0 secs   av.it.:  10.0
      thresh= 3.539E-07 alpha_mix =  0.700 |ddv_scf|^2 =  1.803E-11

      iter #   8 total cpu time :   196.8 secs   av.it.:   8.8
      thresh= 4.246E-07 alpha_mix =  0.700 |ddv_scf|^2 =  1.118E-11

      iter #   9 total cpu time :   198.6 secs   av.it.:   8.6
      thresh= 3.344E-07 alpha_mix =  0.700 |ddv_scf|^2 =  7.774E-13

     End of self-consistent calculation

     Convergence has been achieved 


     Representation #   5 mode #   5

     Self-consistent Calculation

      iter #   1 total cpu time :   200.1 secs   av.it.:   6.0
      thresh= 1.000E-02 alpha_mix =  0.700 |ddv_scf|^2 =  5.923E-07

      iter #   2 total cpu time :   202.2 secs   av.it.:  10.2
      thresh= 7.696E-05 alpha_mix =  0.700 |ddv_scf|^2 =  8.129E-08

      iter #   3 total cpu time :   204.2 secs   av.it.:   9.9
      thresh= 2.851E-05 alpha_mix =  0.700 |ddv_scf|^2 =  4.372E-10

      iter #   4 total cpu time :   206.2 secs   av.it.:  10.1
      thresh= 2.091E-06 alpha_mix =  0.700 |ddv_scf|^2 =  2.496E-12

      iter #   5 total cpu time :   208.3 secs   av.it.:  10.1
      thresh= 1.580E-07 alpha_mix =  0.700 |ddv_scf|^2 =  5.240E-14

     End of self-consistent calculation

     Convergence has been achieved 


     Representation #   6 mode #   6

     Self-consistent Calculation

      iter #   1 total cpu time :   209.8 secs   av.it.:   6.0
      thresh= 1.000E-02 alpha_mix =  0.700 |ddv_scf|^2 =  5.923E-07

      iter #   2 total cpu time :   211.8 secs   av.it.:  10.2
      thresh= 7.696E-05 alpha_mix =  0.700 |ddv_scf|^2 =  8.130E-08

      iter #   3 total cpu time :   213.8 secs   av.it.:   9.9
      thresh= 2.851E-05 alpha_mix =  0.700 |ddv_scf|^2 =  4.372E-10

      iter #   4 total cpu time :   215.8 secs   av.it.:  10.1
      thresh= 2.091E-06 alpha_mix =  0.700 |ddv_scf|^2 =  2.496E-12

      iter #   5 total cpu time :   217.9 secs   av.it.:  10.1
      thresh= 1.580E-07 alpha_mix =  0.700 |ddv_scf|^2 =  5.240E-14

     End of self-consistent calculation

     Convergence has been achieved 
 
     Number of q in the star =   24
     List of q in the star:
          1  -0.117851130   0.353553391  -0.117851130
          2   0.117851130   0.353553391   0.117851130
          3  -0.117851130   0.353553391   0.117851130
          4   0.117851130   0.353553391  -0.117851130
          5   0.353553391  -0.117851130   0.117851130
          6   0.117851130  -0.117851130   0.353553391
          7  -0.117851130  -0.353553391  -0.117851130
          8   0.117851130  -0.353553391  -0.117851130
          9  -0.117851130  -0.353553391   0.117851130
         10   0.353553391  -0.117851130  -0.117851130
         11  -0.353553391  -0.117851130   0.117851130
         12   0.353553391   0.117851130   0.117851130
         13  -0.117851130   0.117851130  -0.353553391
         14  -0.117851130  -0.117851130   0.353553391
         15   0.117851130   0.117851130   0.353553391
         16   0.117851130  -0.117851130  -0.353553391
         17  -0.353553391   0.117851130  -0.117851130
         18  -0.353553391  -0.117851130  -0.117851130
         19   0.117851130  -0.353553391   0.117851130
         20   0.353553391   0.117851130  -0.117851130
         21   0.117851130   0.117851130  -0.353553391
         22  -0.117851130  -0.117851130  -0.353553391
         23  -0.353553391   0.117851130   0.117851130
         24  -0.117851130   0.117851130   0.353553391

     Diagonalizing the dynamical matrix

     q = (   -0.117851130   0.353553391  -0.117851130 ) 

 **************************************************************************
     freq (    1) =       3.596542 [THz] =     119.967731 [cm-1]
     freq (    2) =       4.478448 [THz] =     149.384957 [cm-1]
     freq (    3) =       7.456675 [THz] =     248.727910 [cm-1]
     freq (    4) =      13.854388 [THz] =     462.132628 [cm-1]
     freq (    5) =      14.326045 [THz] =     477.865418 [cm-1]
     freq (    6) =      14.639697 [THz] =     488.327717 [cm-1]
 **************************************************************************

     Mode symmetry, C_s (m)     point group:

     freq (   1-   1) =        120.0  [cm-1]   --> A''                
     freq (   2-   2) =        149.4  [cm-1]   --> A'                 
     freq (   3-   3) =        248.7  [cm-1]   --> A'                 
     freq (   4-   4) =        462.1  [cm-1]   --> A'                 
     freq (   5-   5) =        477.9  [cm-1]   --> A''                
     freq (   6-   6) =        488.3  [cm-1]   --> A'                 

     Calculation of q =    0.4714045  -0.2357023   0.4714045
 
     Parallelization info
     --------------------
     sticks:   dense  smooth     PW     G-vecs:    dense   smooth      PW
     Min          41      41     16                  614      614     150
     Max          42      42     17                  618      618     152
     Sum         499     499    199                 7391     7391    1807
 
     Using Slab Decomposition
 

     Title: 
     Si                                                                         


     bravais-lattice index     =            0
     lattice parameter (alat)  =       7.2074  a.u.
     unit-cell volume          =     264.7386 (a.u.)^3
     number of atoms/cell      =            2
     number of atomic types    =            1
     number of electrons       =         8.00
     number of Kohn-Sham states=            4
     kinetic-energy cutoff     =      35.0000  Ry
     charge density cutoff     =     140.0000  Ry
     Exchange-correlation= PW
                           (   1   4   0   0   0   0   0)

     celldm(1)=   7.207380  celldm(2)=   0.000000  celldm(3)=   0.000000
     celldm(4)=   0.000000  celldm(5)=   0.000000  celldm(6)=   0.000000

     crystal axes: (cart. coord. in units of alat)
               a(1) = (  -0.707107   0.000000   0.707107 )  
               a(2) = (   0.000000   0.707107   0.707107 )  
               a(3) = (  -0.707107   0.707107   0.000000 )  

     reciprocal axes: (cart. coord. in units 2 pi/alat)
               b(1) = ( -0.707107 -0.707107  0.707107 )  
               b(2) = (  0.707107  0.707107  0.707107 )  
               b(3) = ( -0.707107  0.707107 -0.707107 )  


     PseudoPot. # 1 for Si read from file:
     ./Si.upf
     MD5 check sum: 9e2d726316af3d4752eea8ab0afbb951
     Pseudo is Norm-conserving + core correction, Zval =  4.0
     Generated using ONCVPSP code by D. R. Hamann
     Using radial grid of 1510 points,  6 beta functions with: 
                l(1) =   0
                l(2) =   0
                l(3) =   1
                l(4) =   1
                l(5) =   2
                l(6) =   2

     atomic species   valence    mass     pseudopotential
     Si                4.00    28.08600     Si( 1.00)

     48 Sym. Ops., with inversion, found



   Cartesian axes

     site n.     atom                  positions (alat units)
         1        Si     tau(   1) = (   0.0000000   0.0000000   0.0000000  )
         2        Si     tau(   2) = (  -0.3535534   0.3535534   0.3535534  )

     number of k points=  1872

     Number of k-points >= 100: set verbosity='high' to print them.

     Dense  grid:     7391 G-vectors     FFT dimensions: (  32,  32,  32)

     Estimated max dynamical RAM per process >       1.38 MB

     Estimated total dynamical RAM >      16.60 MB

     The potential is recalculated from file :
     ./tmp/_ph0/si.save/charge-density

     Starting wfcs are    8 atomic wfcs

     Band Structure Calculation
     Davidson diagonalization with overlap

     ethr =  1.25E-10,  avg # of iterations = 12.5

     total cpu time spent up to now is       20.2 secs

     End of band structure calculation

     Number of k-points >= 100: set verbosity='high' to print the bands.

     highest occupied level (ev):     6.2489

     Writing config to output data dir ./tmp/_ph0/si.save/ :
     XML data file

     Si                                                                         

     bravais-lattice index     =            0
     lattice parameter (alat)  =       7.2074  a.u.
     unit-cell volume          =     264.7386 (a.u.)^3
     number of atoms/cell      =            2
     number of atomic types    =            1
     kinetic-energy cut-off    =      35.0000  Ry
     charge density cut-off    =     140.0000  Ry
     convergence threshold     =      1.0E-12
     beta                      =       0.7000
     number of iterations used =            4
     Exchange-correlation= PW
                           (   1   4   0   0   0   0   0)


     celldm(1)=    7.20738  celldm(2)=    0.00000  celldm(3)=    0.00000
     celldm(4)=    0.00000  celldm(5)=    0.00000  celldm(6)=    0.00000

     crystal axes: (cart. coord. in units of alat)
               a(1) = ( -0.7071  0.0000  0.7071 )  
               a(2) = (  0.0000  0.7071  0.7071 )  
               a(3) = ( -0.7071  0.7071  0.0000 )  

     reciprocal axes: (cart. coord. in units 2 pi/alat)
               b(1) = ( -0.7071 -0.7071  0.7071 )  
               b(2) = (  0.7071  0.7071  0.7071 )  
               b(3) = ( -0.7071  0.7071 -0.7071 )  


     Atoms inside the unit cell: 

     Cartesian axes

     site n.  atom      mass           positions (alat units)
        1  Si     28.0860   tau(    1) = (    0.00000    0.00000    0.00000  )
        2  Si     28.0860   tau(    2) = (   -0.35355    0.35355    0.35355  )

     Computing dynamical matrix for 
                    q = (   0.4714045  -0.2357023   0.4714045 )
 
      2 Sym.Ops. (no q -> -q+G )


     G cutoff =  184.2142  (    618 G-vectors)     FFT grid: ( 32, 32, 32)
     number of k points=  1872

     PseudoPot. # 1 for Si read from file:
     ./Si.upf
     MD5 check sum: 9e2d726316af3d4752eea8ab0afbb951
     Pseudo is Norm-conserving + core correction, Zval =  4.0
     Generated using ONCVPSP code by D. R. Hamann
     Using radial grid of 1510 points,  6 beta functions with: 
                l(1) =   0
                l(2) =   0
                l(3) =   1
                l(4) =   1
                l(5) =   2
                l(6) =   2

     Mode symmetry, C_s (m)     point group:


     Atomic displacements:
     There are    6 irreducible representations

     Representation     1      1 modes -  To be done

     Representation     2      1 modes -  To be done

     Representation     3      1 modes -  To be done

     Representation     4      1 modes -  To be done

     Representation     5      1 modes -  To be done

     Representation     6      1 modes -  To be done



     Alpha used in Ewald sum =   1.5000
     PHONON       :   3m24.09s CPU   3m43.60s WALL



     Representation #   1 mode #   1

     Self-consistent Calculation

      iter #   1 total cpu time :   225.2 secs   av.it.:   6.7
      thresh= 1.000E-02 alpha_mix =  0.700 |ddv_scf|^2 =  3.371E-05

      iter #   2 total cpu time :   227.2 secs   av.it.:  10.2
      thresh= 5.806E-04 alpha_mix =  0.700 |ddv_scf|^2 =  1.045E-04

      iter #   3 total cpu time :   229.1 secs   av.it.:   9.1
      thresh= 1.022E-03 alpha_mix =  0.700 |ddv_scf|^2 =  2.983E-07

      iter #   4 total cpu time :   231.1 secs   av.it.:   9.4
      thresh= 5.462E-05 alpha_mix =  0.700 |ddv_scf|^2 =  2.008E-09

      iter #   5 total cpu time :   233.1 secs   av.it.:  10.0
      thresh= 4.481E-06 alpha_mix =  0.700 |ddv_scf|^2 =  1.206E-10

      iter #   6 total cpu time :   235.2 secs   av.it.:  10.3
      thresh= 1.098E-06 alpha_mix =  0.700 |ddv_scf|^2 =  4.124E-12

      iter #   7 total cpu time :   237.3 secs   av.it.:  10.4
      thresh= 2.031E-07 alpha_mix =  0.700 |ddv_scf|^2 =  1.074E-13

     End of self-consistent calculation

     Convergence has been achieved 


     Representation #   2 mode #   2

     Self-consistent Calculation

      iter #   1 total cpu time :   238.9 secs   av.it.:   6.4
      thresh= 1.000E-02 alpha_mix =  0.700 |ddv_scf|^2 =  1.531E-05

      iter #   2 total cpu time :   241.0 secs   av.it.:  10.2
      thresh= 3.912E-04 alpha_mix =  0.700 |ddv_scf|^2 =  4.504E-05

      iter #   3 total cpu time :   242.9 secs   av.it.:   9.1
      thresh= 6.711E-04 alpha_mix =  0.700 |ddv_scf|^2 =  1.903E-07

      iter #   4 total cpu time :   245.0 secs   av.it.:   9.6
      thresh= 4.362E-05 alpha_mix =  0.700 |ddv_scf|^2 =  4.443E-09

      iter #   5 total cpu time :   247.1 secs   av.it.:   9.9
      thresh= 6.666E-06 alpha_mix =  0.700 |ddv_scf|^2 =  2.459E-10

      iter #   6 total cpu time :   249.2 secs   av.it.:  10.2
      thresh= 1.568E-06 alpha_mix =  0.700 |ddv_scf|^2 =  7.245E-12

      iter #   7 total cpu time :   251.4 secs   av.it.:  10.4
      thresh= 2.692E-07 alpha_mix =  0.700 |ddv_scf|^2 =  2.766E-13

     End of self-consistent calculation

     Convergence has been achieved 


     Representation #   3 mode #   3

     Self-consistent Calculation

      iter #   1 total cpu time :   253.1 secs   av.it.:   6.5
      thresh= 1.000E-02 alpha_mix =  0.700 |ddv_scf|^2 =  2.094E-05

      iter #   2 total cpu time :   255.2 secs   av.it.:  10.2
      thresh= 4.576E-04 alpha_mix =  0.700 |ddv_scf|^2 =  6.236E-05

      iter #   3 total cpu time :   257.1 secs   av.it.:   9.1
      thresh= 7.897E-04 alpha_mix =  0.700 |ddv_scf|^2 =  2.952E-07

      iter #   4 total cpu time :   259.1 secs   av.it.:   9.4
      thresh= 5.434E-05 alpha_mix =  0.700 |ddv_scf|^2 =  4.356E-09

      iter #   5 total cpu time :   261.2 secs   av.it.:   9.9
      thresh= 6.600E-06 alpha_mix =  0.700 |ddv_scf|^2 =  2.228E-10

      iter #   6 total cpu time :   263.3 secs   av.it.:  10.2
      thresh= 1.493E-06 alpha_mix =  0.700 |ddv_scf|^2 =  4.381E-12

      iter #   7 total cpu time :   265.5 secs   av.it.:  10.3
      thresh= 2.093E-07 alpha_mix =  0.700 |ddv_scf|^2 =  1.685E-13

     End of self-consistent calculation

     Convergence has been achieved 


     Representation #   4 mode #   4

     Self-consistent Calculation

      iter #   1 total cpu time :   267.1 secs   av.it.:   6.1
      thresh= 1.000E-02 alpha_mix =  0.700 |ddv_scf|^2 =  2.525E-06

      iter #   2 total cpu time :   269.3 secs   av.it.:  10.3
      thresh= 1.589E-04 alpha_mix =  0.700 |ddv_scf|^2 =  2.838E-06

      iter #   3 total cpu time :   271.4 secs   av.it.:   9.5
      thresh= 1.685E-04 alpha_mix =  0.700 |ddv_scf|^2 =  9.961E-08

      iter #   4 total cpu time :   273.3 secs   av.it.:   9.6
      thresh= 3.156E-05 alpha_mix =  0.700 |ddv_scf|^2 =  1.037E-08

      iter #   5 total cpu time :   275.3 secs   av.it.:   9.6
      thresh= 1.019E-05 alpha_mix =  0.700 |ddv_scf|^2 =  3.144E-10

      iter #   6 total cpu time :   277.4 secs   av.it.:  10.1
      thresh= 1.773E-06 alpha_mix =  0.700 |ddv_scf|^2 =  5.083E-12

      iter #   7 total cpu time :   279.6 secs   av.it.:  10.4
      thresh= 2.255E-07 alpha_mix =  0.700 |ddv_scf|^2 =  2.929E-13

     End of self-consistent calculation

     Convergence has been achieved 


     Representation #   5 mode #   5

     Self-consistent Calculation

      iter #   1 total cpu time :   281.2 secs   av.it.:   6.0
      thresh= 1.000E-02 alpha_mix =  0.700 |ddv_scf|^2 =  5.893E-07

      iter #   2 total cpu time :   283.3 secs   av.it.:  10.2
      thresh= 7.677E-05 alpha_mix =  0.700 |ddv_scf|^2 =  8.097E-08

      iter #   3 total cpu time :   285.4 secs   av.it.:   9.9
      thresh= 2.846E-05 alpha_mix =  0.700 |ddv_scf|^2 =  4.362E-10

      iter #   4 total cpu time :   287.5 secs   av.it.:  10.1
      thresh= 2.089E-06 alpha_mix =  0.700 |ddv_scf|^2 =  2.702E-12

      iter #   5 total cpu time :   289.6 secs   av.it.:  10.1
      thresh= 1.644E-07 alpha_mix =  0.700 |ddv_scf|^2 =  4.777E-14

     End of self-consistent calculation

     Convergence has been achieved 


     Representation #   6 mode #   6

     Self-consistent Calculation

      iter #   1 total cpu time :   291.2 secs   av.it.:   6.0
      thresh= 1.000E-02 alpha_mix =  0.700 |ddv_scf|^2 =  5.893E-07

      iter #   2 total cpu time :   293.3 secs   av.it.:  10.2
      thresh= 7.677E-05 alpha_mix =  0.700 |ddv_scf|^2 =  8.097E-08

      iter #   3 total cpu time :   295.4 secs   av.it.:   9.9
      thresh= 2.846E-05 alpha_mix =  0.700 |ddv_scf|^2 =  4.362E-10

      iter #   4 total cpu time :   297.5 secs   av.it.:  10.1
      thresh= 2.089E-06 alpha_mix =  0.700 |ddv_scf|^2 =  2.702E-12

      iter #   5 total cpu time :   299.6 secs   av.it.:  10.1
      thresh= 1.644E-07 alpha_mix =  0.700 |ddv_scf|^2 =  4.776E-14

     End of self-consistent calculation

     Convergence has been achieved 
 
     Number of q in the star =   24
     List of q in the star:
          1   0.471404521  -0.235702260   0.471404521
          2  -0.471404521  -0.235702260  -0.471404521
          3   0.471404521  -0.235702260  -0.471404521
          4  -0.471404521  -0.235702260   0.471404521
          5  -0.235702260   0.471404521  -0.471404521
          6  -0.471404521   0.471404521  -0.235702260
          7   0.471404521   0.235702260   0.471404521
          8  -0.471404521   0.235702260   0.471404521
          9   0.471404521   0.235702260  -0.471404521
         10  -0.235702260   0.471404521   0.471404521
         11   0.235702260   0.471404521  -0.471404521
         12  -0.235702260  -0.471404521  -0.471404521
         13   0.471404521  -0.471404521   0.235702260
         14   0.471404521   0.471404521  -0.235702260
         15  -0.471404521  -0.471404521  -0.235702260
         16  -0.471404521   0.471404521   0.235702260
         17   0.235702260  -0.471404521   0.471404521
         18   0.235702260   0.471404521   0.471404521
         19  -0.471404521   0.235702260  -0.471404521
         20  -0.235702260  -0.471404521   0.471404521
         21  -0.471404521  -0.471404521   0.235702260
         22   0.471404521   0.471404521   0.235702260
         23   0.235702260  -0.471404521  -0.471404521
         24   0.471404521  -0.471404521  -0.235702260

     Diagonalizing the dynamical matrix

     q = (    0.471404521  -0.235702260   0.471404521 ) 

 **************************************************************************
     freq (    1) =       3.796019 [THz] =     126.621552 [cm-1]
     freq (    2) =       5.122137 [THz] =     170.856092 [cm-1]
     freq (    3) =       9.760322 [THz] =     325.569309 [cm-1]
     freq (    4) =      12.361855 [THz] =     412.347106 [cm-1]
     freq (    5) =      14.257563 [THz] =     475.581113 [cm-1]
     freq (    6) =      14.558381 [THz] =     485.615312 [cm-1]
 **************************************************************************

     Mode symmetry, C_s (m)     point group:

     freq (   1-   1) =        126.6  [cm-1]   --> A''                
     freq (   2-   2) =        170.9  [cm-1]   --> A'                 
     freq (   3-   3) =        325.6  [cm-1]   --> A'                 
     freq (   4-   4) =        412.3  [cm-1]   --> A'                 
     freq (   5-   5) =        475.6  [cm-1]   --> A''                
     freq (   6-   6) =        485.6  [cm-1]   --> A'                 

     Calculation of q =    0.3535534  -0.1178511   0.3535534
 
     Parallelization info
     --------------------
     sticks:   dense  smooth     PW     G-vecs:    dense   smooth      PW
     Min          41      41     15                  614      614     135
     Max          42      42     16                  618      618     137
     Sum         499     499    187                 7391     7391    1639
 
     Using Slab Decomposition
 

     Title: 
     Si                                                                         


     bravais-lattice index     =            0
     lattice parameter (alat)  =       7.2074  a.u.
     unit-cell volume          =     264.7386 (a.u.)^3
     number of atoms/cell      =            2
     number of atomic types    =            1
     number of electrons       =         8.00
     number of Kohn-Sham states=            4
     kinetic-energy cutoff     =      35.0000  Ry
     charge density cutoff     =     140.0000  Ry
     Exchange-correlation= PW
                           (   1   4   0   0   0   0   0)

     celldm(1)=   7.207380  celldm(2)=   0.000000  celldm(3)=   0.000000
     celldm(4)=   0.000000  celldm(5)=   0.000000  celldm(6)=   0.000000

     crystal axes: (cart. coord. in units of alat)
               a(1) = (  -0.707107   0.000000   0.707107 )  
               a(2) = (   0.000000   0.707107   0.707107 )  
               a(3) = (  -0.707107   0.707107   0.000000 )  

     reciprocal axes: (cart. coord. in units 2 pi/alat)
               b(1) = ( -0.707107 -0.707107  0.707107 )  
               b(2) = (  0.707107  0.707107  0.707107 )  
               b(3) = ( -0.707107  0.707107 -0.707107 )  


     PseudoPot. # 1 for Si read from file:
     ./Si.upf
     MD5 check sum: 9e2d726316af3d4752eea8ab0afbb951
     Pseudo is Norm-conserving + core correction, Zval =  4.0
     Generated using ONCVPSP code by D. R. Hamann
     Using radial grid of 1510 points,  6 beta functions with: 
                l(1) =   0
                l(2) =   0
                l(3) =   1
                l(4) =   1
                l(5) =   2
                l(6) =   2

     atomic species   valence    mass     pseudopotential
     Si                4.00    28.08600     Si( 1.00)

     48 Sym. Ops., with inversion, found



   Cartesian axes

     site n.     atom                  positions (alat units)
         1        Si     tau(   1) = (   0.0000000   0.0000000   0.0000000  )
         2        Si     tau(   2) = (  -0.3535534   0.3535534   0.3535534  )

     number of k points=  1872

     Number of k-points >= 100: set verbosity='high' to print them.

     Dense  grid:     7391 G-vectors     FFT dimensions: (  32,  32,  32)

     Estimated max dynamical RAM per process >       1.37 MB

     Estimated total dynamical RAM >      16.44 MB

     The potential is recalculated from file :
     ./tmp/_ph0/si.save/charge-density

     Starting wfcs are    8 atomic wfcs

     Band Structure Calculation
     Davidson diagonalization with overlap

     ethr =  1.25E-10,  avg # of iterations = 12.5

     total cpu time spent up to now is       25.8 secs

     End of band structure calculation

     Number of k-points >= 100: set verbosity='high' to print the bands.

     highest occupied level (ev):     6.2489

     Writing config to output data dir ./tmp/_ph0/si.save/ :
     XML data file

     Si                                                                         

     bravais-lattice index     =            0
     lattice parameter (alat)  =       7.2074  a.u.
     unit-cell volume          =     264.7386 (a.u.)^3
     number of atoms/cell      =            2
     number of atomic types    =            1
     kinetic-energy cut-off    =      35.0000  Ry
     charge density cut-off    =     140.0000  Ry
     convergence threshold     =      1.0E-12
     beta                      =       0.7000
     number of iterations used =            4
     Exchange-correlation= PW
                           (   1   4   0   0   0   0   0)


     celldm(1)=    7.20738  celldm(2)=    0.00000  celldm(3)=    0.00000
     celldm(4)=    0.00000  celldm(5)=    0.00000  celldm(6)=    0.00000

     crystal axes: (cart. coord. in units of alat)
               a(1) = ( -0.7071  0.0000  0.7071 )  
               a(2) = (  0.0000  0.7071  0.7071 )  
               a(3) = ( -0.7071  0.7071  0.0000 )  

     reciprocal axes: (cart. coord. in units 2 pi/alat)
               b(1) = ( -0.7071 -0.7071  0.7071 )  
               b(2) = (  0.7071  0.7071  0.7071 )  
               b(3) = ( -0.7071  0.7071 -0.7071 )  


     Atoms inside the unit cell: 

     Cartesian axes

     site n.  atom      mass           positions (alat units)
        1  Si     28.0860   tau(    1) = (    0.00000    0.00000    0.00000  )
        2  Si     28.0860   tau(    2) = (   -0.35355    0.35355    0.35355  )

     Computing dynamical matrix for 
                    q = (   0.3535534  -0.1178511   0.3535534 )
 
      2 Sym.Ops. (no q -> -q+G )


     G cutoff =  184.2142  (    618 G-vectors)     FFT grid: ( 32, 32, 32)
     number of k points=  1872

     PseudoPot. # 1 for Si read from file:
     ./Si.upf
     MD5 check sum: 9e2d726316af3d4752eea8ab0afbb951
     Pseudo is Norm-conserving + core correction, Zval =  4.0
     Generated using ONCVPSP code by D. R. Hamann
     Using radial grid of 1510 points,  6 beta functions with: 
                l(1) =   0
                l(2) =   0
                l(3) =   1
                l(4) =   1
                l(5) =   2
                l(6) =   2

     Mode symmetry, C_s (m)     point group:


     Atomic displacements:
     There are    6 irreducible representations

     Representation     1      1 modes -  To be done

     Representation     2      1 modes -  To be done

     Representation     3      1 modes -  To be done

     Representation     4      1 modes -  To be done

     Representation     5      1 modes -  To be done

     Representation     6      1 modes -  To be done



     Alpha used in Ewald sum =   1.5000
     PHONON       :   4m38.60s CPU   5m 5.44s WALL



     Representation #   1 mode #   1

     Self-consistent Calculation

      iter #   1 total cpu time :   307.0 secs   av.it.:   6.6
      thresh= 1.000E-02 alpha_mix =  0.700 |ddv_scf|^2 =  4.379E-05

      iter #   2 total cpu time :   309.1 secs   av.it.:  10.1
      thresh= 6.618E-04 alpha_mix =  0.700 |ddv_scf|^2 =  2.027E-04

      iter #   3 total cpu time :   311.0 secs   av.it.:   8.8
      thresh= 1.424E-03 alpha_mix =  0.700 |ddv_scf|^2 =  4.375E-07

      iter #   4 total cpu time :   313.0 secs   av.it.:   9.5
      thresh= 6.614E-05 alpha_mix =  0.700 |ddv_scf|^2 =  2.310E-09

      iter #   5 total cpu time :   315.0 secs   av.it.:  10.1
      thresh= 4.807E-06 alpha_mix =  0.700 |ddv_scf|^2 =  1.672E-10

      iter #   6 total cpu time :   317.3 secs   av.it.:  10.2
      thresh= 1.293E-06 alpha_mix =  0.700 |ddv_scf|^2 =  5.043E-12

      iter #   7 total cpu time :   319.8 secs   av.it.:  10.4
      thresh= 2.246E-07 alpha_mix =  0.700 |ddv_scf|^2 =  1.038E-13

     End of self-consistent calculation

     Convergence has been achieved 


     Representation #   2 mode #   2

     Self-consistent Calculation

      iter #   1 total cpu time :   321.7 secs   av.it.:   6.3
      thresh= 1.000E-02 alpha_mix =  0.700 |ddv_scf|^2 =  1.117E-05

      iter #   2 total cpu time :   324.2 secs   av.it.:  10.2
      thresh= 3.343E-04 alpha_mix =  0.700 |ddv_scf|^2 =  4.213E-05

      iter #   3 total cpu time :   326.4 secs   av.it.:   8.9
      thresh= 6.491E-04 alpha_mix =  0.700 |ddv_scf|^2 =  4.922E-07

      iter #   4 total cpu time :   328.7 secs   av.it.:   9.5
      thresh= 7.015E-05 alpha_mix =  0.700 |ddv_scf|^2 =  3.143E-09

      iter #   5 total cpu time :   331.2 secs   av.it.:  10.1
      thresh= 5.606E-06 alpha_mix =  0.700 |ddv_scf|^2 =  2.043E-10

      iter #   6 total cpu time :   333.8 secs   av.it.:  10.2
      thresh= 1.429E-06 alpha_mix =  0.700 |ddv_scf|^2 =  8.469E-12

      iter #   7 total cpu time :   336.3 secs   av.it.:  10.3
      thresh= 2.910E-07 alpha_mix =  0.700 |ddv_scf|^2 =  2.972E-13

     End of self-consistent calculation

     Convergence has been achieved 


     Representation #   3 mode #   3

     Self-consistent Calculation

      iter #   1 total cpu time :   338.3 secs   av.it.:   6.6
      thresh= 1.000E-02 alpha_mix =  0.700 |ddv_scf|^2 =  4.700E-05

      iter #   2 total cpu time :   340.8 secs   av.it.:  10.0
      thresh= 6.856E-04 alpha_mix =  0.700 |ddv_scf|^2 =  2.230E-04

      iter #   3 total cpu time :   343.1 secs   av.it.:   8.7
      thresh= 1.493E-03 alpha_mix =  0.700 |ddv_scf|^2 =  1.799E-07

      iter #   4 total cpu time :   345.6 secs   av.it.:   9.8
      thresh= 4.241E-05 alpha_mix =  0.700 |ddv_scf|^2 =  4.486E-09

      iter #   5 total cpu time :   348.1 secs   av.it.:  10.0
      thresh= 6.698E-06 alpha_mix =  0.700 |ddv_scf|^2 =  3.234E-10

      iter #   6 total cpu time :   350.7 secs   av.it.:  10.1
      thresh= 1.798E-06 alpha_mix =  0.700 |ddv_scf|^2 =  5.321E-12

      iter #   7 total cpu time :   353.2 secs   av.it.:  10.3
      thresh= 2.307E-07 alpha_mix =  0.700 |ddv_scf|^2 =  1.807E-13

     End of self-consistent calculation

     Convergence has been achieved 


     Representation #   4 mode #   4

     Self-consistent Calculation

      iter #   1 total cpu time :   355.2 secs   av.it.:   6.3
      thresh= 1.000E-02 alpha_mix =  0.700 |ddv_scf|^2 =  1.438E-05

      iter #   2 total cpu time :   357.7 secs   av.it.:  10.0
      thresh= 3.792E-04 alpha_mix =  0.700 |ddv_scf|^2 =  6.245E-05

      iter #   3 total cpu time :   360.0 secs   av.it.:   8.7
      thresh= 7.903E-04 alpha_mix =  0.700 |ddv_scf|^2 =  1.345E-07

      iter #   4 total cpu time :   362.6 secs   av.it.:   9.9
      thresh= 3.668E-05 alpha_mix =  0.700 |ddv_scf|^2 =  4.409E-09

      iter #   5 total cpu time :   365.0 secs   av.it.:   9.9
      thresh= 6.640E-06 alpha_mix =  0.700 |ddv_scf|^2 =  3.597E-10

      iter #   6 total cpu time :   367.5 secs   av.it.:  10.0
      thresh= 1.897E-06 alpha_mix =  0.700 |ddv_scf|^2 =  4.554E-12

      iter #   7 total cpu time :   370.1 secs   av.it.:  10.4
      thresh= 2.134E-07 alpha_mix =  0.700 |ddv_scf|^2 =  4.097E-13

     End of self-consistent calculation

     Convergence has been achieved 


     Representation #   5 mode #   5

     Self-consistent Calculation

      iter #   1 total cpu time :   371.9 secs   av.it.:   6.0
      thresh= 1.000E-02 alpha_mix =  0.700 |ddv_scf|^2 =  4.194E-07

      iter #   2 total cpu time :   374.3 secs   av.it.:  10.2
      thresh= 6.476E-05 alpha_mix =  0.700 |ddv_scf|^2 =  4.051E-08

      iter #   3 total cpu time :   376.9 secs   av.it.:  10.0
      thresh= 2.013E-05 alpha_mix =  0.700 |ddv_scf|^2 =  3.840E-10

      iter #   4 total cpu time :   379.2 secs   av.it.:  10.2
      thresh= 1.960E-06 alpha_mix =  0.700 |ddv_scf|^2 =  3.015E-12

      iter #   5 total cpu time :   381.6 secs   av.it.:  10.2
      thresh= 1.736E-07 alpha_mix =  0.700 |ddv_scf|^2 =  5.992E-14

     End of self-consistent calculation

     Convergence has been achieved 


     Representation #   6 mode #   6

     Self-consistent Calculation

      iter #   1 total cpu time :   383.4 secs   av.it.:   6.0
      thresh= 1.000E-02 alpha_mix =  0.700 |ddv_scf|^2 =  4.194E-07

      iter #   2 total cpu time :   385.9 secs   av.it.:  10.2
      thresh= 6.476E-05 alpha_mix =  0.700 |ddv_scf|^2 =  4.051E-08

      iter #   3 total cpu time :   388.3 secs   av.it.:  10.0
      thresh= 2.013E-05 alpha_mix =  0.700 |ddv_scf|^2 =  3.840E-10

      iter #   4 total cpu time :   390.8 secs   av.it.:  10.2
      thresh= 1.960E-06 alpha_mix =  0.700 |ddv_scf|^2 =  3.015E-12

      iter #   5 total cpu time :   393.3 secs   av.it.:  10.2
      thresh= 1.736E-07 alpha_mix =  0.700 |ddv_scf|^2 =  5.993E-14

     End of self-consistent calculation

     Convergence has been achieved 
 
     Number of q in the star =   24
     List of q in the star:
          1   0.353553391  -0.117851130   0.353553391
          2  -0.353553391  -0.117851130  -0.353553391
          3   0.353553391  -0.117851130  -0.353553391
          4  -0.353553391  -0.117851130   0.353553391
          5  -0.117851130   0.353553391  -0.353553391
          6  -0.353553391   0.353553391  -0.117851130
          7   0.353553391   0.117851130   0.353553391
          8  -0.353553391   0.117851130   0.353553391
          9   0.353553391   0.117851130  -0.353553391
         10  -0.117851130   0.353553391   0.353553391
         11   0.117851130   0.353553391  -0.353553391
         12  -0.117851130  -0.353553391  -0.353553391
         13   0.353553391  -0.353553391   0.117851130
         14   0.353553391   0.353553391  -0.117851130
         15  -0.353553391  -0.353553391  -0.117851130
         16  -0.353553391   0.353553391   0.117851130
         17   0.117851130  -0.353553391   0.353553391
         18   0.117851130   0.353553391   0.353553391
         19  -0.353553391   0.117851130  -0.353553391
         20  -0.117851130  -0.353553391   0.353553391
         21  -0.353553391  -0.353553391   0.117851130
         22   0.353553391   0.353553391   0.117851130
         23   0.117851130  -0.353553391  -0.353553391
         24   0.353553391  -0.353553391  -0.117851130

     Diagonalizing the dynamical matrix

     q = (    0.353553391  -0.117851130   0.353553391 ) 

 **************************************************************************
     freq (    1) =       3.837274 [THz] =     127.997695 [cm-1]
     freq (    2) =       5.061272 [THz] =     168.825870 [cm-1]
     freq (    3) =       9.105176 [THz] =     303.715987 [cm-1]
     freq (    4) =      12.599581 [THz] =     420.276789 [cm-1]
     freq (    5) =      14.319450 [THz] =     477.645434 [cm-1]
     freq (    6) =      14.648961 [THz] =     488.636730 [cm-1]
 **************************************************************************

     Mode symmetry, C_s (m)     point group:

     freq (   1-   1) =        128.0  [cm-1]   --> A''                
     freq (   2-   2) =        168.8  [cm-1]   --> A'                 
     freq (   3-   3) =        303.7  [cm-1]   --> A'                 
     freq (   4-   4) =        420.3  [cm-1]   --> A'                 
     freq (   5-   5) =        477.6  [cm-1]   --> A''                
     freq (   6-   6) =        488.6  [cm-1]   --> A'                 

     Calculation of q =    0.2357023  -0.0000000   0.2357023
 
     Parallelization info
     --------------------
     sticks:   dense  smooth     PW     G-vecs:    dense   smooth      PW
     Min          41      41     14                  614      614     121
     Max          42      42     15                  618      618     124
     Sum         499     499    169                 7391     7391    1471
 
     Using Slab Decomposition
 

     Title: 
     Si                                                                         


     bravais-lattice index     =            0
     lattice parameter (alat)  =       7.2074  a.u.
     unit-cell volume          =     264.7386 (a.u.)^3
     number of atoms/cell      =            2
     number of atomic types    =            1
     number of electrons       =         8.00
     number of Kohn-Sham states=            4
     kinetic-energy cutoff     =      35.0000  Ry
     charge density cutoff     =     140.0000  Ry
     Exchange-correlation= PW
                           (   1   4   0   0   0   0   0)

     celldm(1)=   7.207380  celldm(2)=   0.000000  celldm(3)=   0.000000
     celldm(4)=   0.000000  celldm(5)=   0.000000  celldm(6)=   0.000000

     crystal axes: (cart. coord. in units of alat)
               a(1) = (  -0.707107   0.000000   0.707107 )  
               a(2) = (   0.000000   0.707107   0.707107 )  
               a(3) = (  -0.707107   0.707107   0.000000 )  

     reciprocal axes: (cart. coord. in units 2 pi/alat)
               b(1) = ( -0.707107 -0.707107  0.707107 )  
               b(2) = (  0.707107  0.707107  0.707107 )  
               b(3) = ( -0.707107  0.707107 -0.707107 )  


     PseudoPot. # 1 for Si read from file:
     ./Si.upf
     MD5 check sum: 9e2d726316af3d4752eea8ab0afbb951
     Pseudo is Norm-conserving + core correction, Zval =  4.0
     Generated using ONCVPSP code by D. R. Hamann
     Using radial grid of 1510 points,  6 beta functions with: 
                l(1) =   0
                l(2) =   0
                l(3) =   1
                l(4) =   1
                l(5) =   2
                l(6) =   2

     atomic species   valence    mass     pseudopotential
     Si                4.00    28.08600     Si( 1.00)

     48 Sym. Ops., with inversion, found



   Cartesian axes

     site n.     atom                  positions (alat units)
         1        Si     tau(   1) = (   0.0000000   0.0000000   0.0000000  )
         2        Si     tau(   2) = (  -0.3535534   0.3535534   0.3535534  )

     number of k points=  1020

     Number of k-points >= 100: set verbosity='high' to print them.

     Dense  grid:     7391 G-vectors     FFT dimensions: (  32,  32,  32)

     Estimated max dynamical RAM per process >       1.36 MB

     Estimated total dynamical RAM >      16.29 MB

     The potential is recalculated from file :
     ./tmp/_ph0/si.save/charge-density

     Starting wfcs are    8 atomic wfcs

     Band Structure Calculation
     Davidson diagonalization with overlap

     ethr =  1.25E-10,  avg # of iterations = 12.5

     total cpu time spent up to now is       29.3 secs

     End of band structure calculation

     Number of k-points >= 100: set verbosity='high' to print the bands.

     highest occupied level (ev):     6.2489

     Writing config to output data dir ./tmp/_ph0/si.save/ :
     XML data file

     Si                                                                         

     bravais-lattice index     =            0
     lattice parameter (alat)  =       7.2074  a.u.
     unit-cell volume          =     264.7386 (a.u.)^3
     number of atoms/cell      =            2
     number of atomic types    =            1
     kinetic-energy cut-off    =      35.0000  Ry
     charge density cut-off    =     140.0000  Ry
     convergence threshold     =      1.0E-12
     beta                      =       0.7000
     number of iterations used =            4
     Exchange-correlation= PW
                           (   1   4   0   0   0   0   0)


     celldm(1)=    7.20738  celldm(2)=    0.00000  celldm(3)=    0.00000
     celldm(4)=    0.00000  celldm(5)=    0.00000  celldm(6)=    0.00000

     crystal axes: (cart. coord. in units of alat)
               a(1) = ( -0.7071  0.0000  0.7071 )  
               a(2) = (  0.0000  0.7071  0.7071 )  
               a(3) = ( -0.7071  0.7071  0.0000 )  

     reciprocal axes: (cart. coord. in units 2 pi/alat)
               b(1) = ( -0.7071 -0.7071  0.7071 )  
               b(2) = (  0.7071  0.7071  0.7071 )  
               b(3) = ( -0.7071  0.7071 -0.7071 )  


     Atoms inside the unit cell: 

     Cartesian axes

     site n.  atom      mass           positions (alat units)
        1  Si     28.0860   tau(    1) = (    0.00000    0.00000    0.00000  )
        2  Si     28.0860   tau(    2) = (   -0.35355    0.35355    0.35355  )

     Computing dynamical matrix for 
                    q = (   0.2357023  -0.0000000   0.2357023 )
 
      4 Sym.Ops. (no q -> -q+G )


     G cutoff =  184.2142  (    618 G-vectors)     FFT grid: ( 32, 32, 32)
     number of k points=  1020

     PseudoPot. # 1 for Si read from file:
     ./Si.upf
     MD5 check sum: 9e2d726316af3d4752eea8ab0afbb951
     Pseudo is Norm-conserving + core correction, Zval =  4.0
     Generated using ONCVPSP code by D. R. Hamann
     Using radial grid of 1510 points,  6 beta functions with: 
                l(1) =   0
                l(2) =   0
                l(3) =   1
                l(4) =   1
                l(5) =   2
                l(6) =   2

     Mode symmetry, C_2v (mm2)  point group:


     Atomic displacements:
     There are    6 irreducible representations

     Representation     1      1 modes -  To be done

     Representation     2      1 modes -  To be done

     Representation     3      1 modes -  To be done

     Representation     4      1 modes -  To be done

     Representation     5      1 modes -  To be done

     Representation     6      1 modes -  To be done



     Alpha used in Ewald sum =   1.5000
     PHONON       :   6m 2.20s CPU   6m37.01s WALL



     Representation #   1 mode #   1

     Self-consistent Calculation

      iter #   1 total cpu time :   398.0 secs   av.it.:   6.2
      thresh= 1.000E-02 alpha_mix =  0.700 |ddv_scf|^2 =  8.738E-05

      iter #   2 total cpu time :   399.3 secs   av.it.:   9.3
      thresh= 9.348E-04 alpha_mix =  0.700 |ddv_scf|^2 =  1.353E-03

      iter #   3 total cpu time :   400.3 secs   av.it.:   7.6
      thresh= 3.679E-03 alpha_mix =  0.700 |ddv_scf|^2 =  1.009E-07

      iter #   4 total cpu time :   401.6 secs   av.it.:   9.6
      thresh= 3.176E-05 alpha_mix =  0.700 |ddv_scf|^2 =  3.036E-09

      iter #   5 total cpu time :   402.9 secs   av.it.:   9.4
      thresh= 5.510E-06 alpha_mix =  0.700 |ddv_scf|^2 =  1.114E-10

      iter #   6 total cpu time :   404.2 secs   av.it.:   9.2
      thresh= 1.055E-06 alpha_mix =  0.700 |ddv_scf|^2 =  1.058E-10

      iter #   7 total cpu time :   405.3 secs   av.it.:   7.7
      thresh= 1.029E-06 alpha_mix =  0.700 |ddv_scf|^2 =  2.007E-13

     End of self-consistent calculation

     Convergence has been achieved 


     Representation #   2 mode #   2

     Self-consistent Calculation

      iter #   1 total cpu time :   406.3 secs   av.it.:   6.8
      thresh= 1.000E-02 alpha_mix =  0.700 |ddv_scf|^2 =  7.612E-04

      iter #   2 total cpu time :   407.6 secs   av.it.:   9.3
      thresh= 2.759E-03 alpha_mix =  0.700 |ddv_scf|^2 =  1.216E-02

      iter #   3 total cpu time :   408.7 secs   av.it.:   7.7
      thresh= 1.000E-02 alpha_mix =  0.700 |ddv_scf|^2 =  2.117E-07

      iter #   4 total cpu time :   410.0 secs   av.it.:   9.4
      thresh= 4.601E-05 alpha_mix =  0.700 |ddv_scf|^2 =  1.673E-08

      iter #   5 total cpu time :   411.3 secs   av.it.:   9.2
      thresh= 1.293E-05 alpha_mix =  0.700 |ddv_scf|^2 =  1.338E-10

      iter #   6 total cpu time :   412.5 secs   av.it.:   9.3
      thresh= 1.157E-06 alpha_mix =  0.700 |ddv_scf|^2 =  9.644E-11

      iter #   7 total cpu time :   413.7 secs   av.it.:   7.8
      thresh= 9.820E-07 alpha_mix =  0.700 |ddv_scf|^2 =  1.542E-12

      iter #   8 total cpu time :   414.9 secs   av.it.:   8.6
      thresh= 1.242E-07 alpha_mix =  0.700 |ddv_scf|^2 =  7.775E-14

     End of self-consistent calculation

     Convergence has been achieved 


     Representation #   3 mode #   3

     Self-consistent Calculation

      iter #   1 total cpu time :   415.9 secs   av.it.:   5.9
      thresh= 1.000E-02 alpha_mix =  0.700 |ddv_scf|^2 =  4.299E-07

      iter #   2 total cpu time :   417.3 secs   av.it.:  10.0
      thresh= 6.557E-05 alpha_mix =  0.700 |ddv_scf|^2 =  2.324E-08

      iter #   3 total cpu time :   418.6 secs   av.it.:   9.8
      thresh= 1.524E-05 alpha_mix =  0.700 |ddv_scf|^2 =  3.033E-10

      iter #   4 total cpu time :   420.0 secs   av.it.:   9.7
      thresh= 1.741E-06 alpha_mix =  0.700 |ddv_scf|^2 =  7.201E-13

     End of self-consistent calculation

     Convergence has been achieved 


     Representation #   4 mode #   4

     Self-consistent Calculation

      iter #   1 total cpu time :   421.0 secs   av.it.:   5.6
      thresh= 1.000E-02 alpha_mix =  0.700 |ddv_scf|^2 =  9.597E-08

      iter #   2 total cpu time :   422.3 secs   av.it.:   9.9
      thresh= 3.098E-05 alpha_mix =  0.700 |ddv_scf|^2 =  2.599E-09

      iter #   3 total cpu time :   423.7 secs   av.it.:   9.7
      thresh= 5.098E-06 alpha_mix =  0.700 |ddv_scf|^2 =  1.605E-10

      iter #   4 total cpu time :   425.0 secs   av.it.:   9.9
      thresh= 1.267E-06 alpha_mix =  0.700 |ddv_scf|^2 =  5.837E-13

     End of self-consistent calculation

     Convergence has been achieved 


     Representation #   5 mode #   5

     Self-consistent Calculation

      iter #   1 total cpu time :   426.0 secs   av.it.:   5.4
      thresh= 1.000E-02 alpha_mix =  0.700 |ddv_scf|^2 =  1.644E-07

      iter #   2 total cpu time :   427.3 secs   av.it.:  10.3
      thresh= 4.055E-05 alpha_mix =  0.700 |ddv_scf|^2 =  5.430E-08

      iter #   3 total cpu time :   428.6 secs   av.it.:   9.8
      thresh= 2.330E-05 alpha_mix =  0.700 |ddv_scf|^2 =  6.885E-10

      iter #   4 total cpu time :   429.9 secs   av.it.:  10.0
      thresh= 2.624E-06 alpha_mix =  0.700 |ddv_scf|^2 =  1.136E-11

      iter #   5 total cpu time :   431.2 secs   av.it.:  10.1
      thresh= 3.370E-07 alpha_mix =  0.700 |ddv_scf|^2 =  3.845E-13

     End of self-consistent calculation

     Convergence has been achieved 


     Representation #   6 mode #   6

     Self-consistent Calculation

      iter #   1 total cpu time :   432.2 secs   av.it.:   6.1
      thresh= 1.000E-02 alpha_mix =  0.700 |ddv_scf|^2 =  1.812E-06

      iter #   2 total cpu time :   433.5 secs   av.it.:  10.2
      thresh= 1.346E-04 alpha_mix =  0.700 |ddv_scf|^2 =  6.366E-07

      iter #   3 total cpu time :   434.7 secs   av.it.:   9.7
      thresh= 7.979E-05 alpha_mix =  0.700 |ddv_scf|^2 =  1.769E-09

      iter #   4 total cpu time :   436.1 secs   av.it.:  10.0
      thresh= 4.206E-06 alpha_mix =  0.700 |ddv_scf|^2 =  9.242E-11

      iter #   5 total cpu time :   437.4 secs   av.it.:  10.1
      thresh= 9.614E-07 alpha_mix =  0.700 |ddv_scf|^2 =  2.902E-13

     End of self-consistent calculation

     Convergence has been achieved 
 
     Number of q in the star =   12
     List of q in the star:
          1   0.235702260  -0.000000000   0.235702260
          2  -0.235702260  -0.000000000   0.235702260
          3   0.235702260  -0.000000000  -0.235702260
          4  -0.235702260  -0.000000000  -0.235702260
          5  -0.000000000   0.235702260  -0.235702260
          6  -0.235702260   0.235702260  -0.000000000
          7  -0.000000000   0.235702260   0.235702260
          8  -0.000000000  -0.235702260  -0.235702260
          9   0.235702260  -0.235702260   0.000000000
         10   0.235702260   0.235702260  -0.000000000
         11  -0.235702260  -0.235702260  -0.000000000
         12   0.000000000  -0.235702260   0.235702260

     Diagonalizing the dynamical matrix

     q = (    0.235702260  -0.000000000   0.235702260 ) 

 **************************************************************************
     freq (    1) =       3.243229 [THz] =     108.182477 [cm-1]
     freq (    2) =       4.320918 [THz] =     144.130299 [cm-1]
     freq (    3) =       6.397802 [THz] =     213.407712 [cm-1]
     freq (    4) =      13.948944 [THz] =     465.286680 [cm-1]
     freq (    5) =      14.671514 [THz] =     489.389025 [cm-1]
     freq (    6) =      14.801753 [THz] =     493.733330 [cm-1]
 **************************************************************************

     Mode symmetry, C_2v (mm2)  point group:

     freq (   1-   1) =        108.2  [cm-1]   --> B_1  D_3  S_3      
     freq (   2-   2) =        144.1  [cm-1]   --> B_2  D_4  S_4      
     freq (   3-   3) =        213.4  [cm-1]   --> A_1  D_1  S_1      
     freq (   4-   4) =        465.3  [cm-1]   --> B_2  D_4  S_4      
     freq (   5-   5) =        489.4  [cm-1]   --> A_2  D_2  S_2      
     freq (   6-   6) =        493.7  [cm-1]   --> A_1  D_1  S_1      

     Calculation of q =    0.0000000   0.4714045   0.0000000
 
     Parallelization info
     --------------------
     sticks:   dense  smooth     PW     G-vecs:    dense   smooth      PW
     Min          41      41     15                  614      614     132
     Max          42      42     16                  618      618     133
     Sum         499     499    187                 7391     7391    1591
 
     Using Slab Decomposition
 

     Title: 
     Si                                                                         


     bravais-lattice index     =            0
     lattice parameter (alat)  =       7.2074  a.u.
     unit-cell volume          =     264.7386 (a.u.)^3
     number of atoms/cell      =            2
     number of atomic types    =            1
     number of electrons       =         8.00
     number of Kohn-Sham states=            4
     kinetic-energy cutoff     =      35.0000  Ry
     charge density cutoff     =     140.0000  Ry
     Exchange-correlation= PW
                           (   1   4   0   0   0   0   0)

     celldm(1)=   7.207380  celldm(2)=   0.000000  celldm(3)=   0.000000
     celldm(4)=   0.000000  celldm(5)=   0.000000  celldm(6)=   0.000000

     crystal axes: (cart. coord. in units of alat)
               a(1) = (  -0.707107   0.000000   0.707107 )  
               a(2) = (   0.000000   0.707107   0.707107 )  
               a(3) = (  -0.707107   0.707107   0.000000 )  

     reciprocal axes: (cart. coord. in units 2 pi/alat)
               b(1) = ( -0.707107 -0.707107  0.707107 )  
               b(2) = (  0.707107  0.707107  0.707107 )  
               b(3) = ( -0.707107  0.707107 -0.707107 )  


     PseudoPot. # 1 for Si read from file:
     ./Si.upf
     MD5 check sum: 9e2d726316af3d4752eea8ab0afbb951
     Pseudo is Norm-conserving + core correction, Zval =  4.0
     Generated using ONCVPSP code by D. R. Hamann
     Using radial grid of 1510 points,  6 beta functions with: 
                l(1) =   0
                l(2) =   0
                l(3) =   1
                l(4) =   1
                l(5) =   2
                l(6) =   2

     atomic species   valence    mass     pseudopotential
     Si                4.00    28.08600     Si( 1.00)

     48 Sym. Ops., with inversion, found



   Cartesian axes

     site n.     atom                  positions (alat units)
         1        Si     tau(   1) = (   0.0000000   0.0000000   0.0000000  )
         2        Si     tau(   2) = (  -0.3535534   0.3535534   0.3535534  )

     number of k points=   588

     Number of k-points >= 100: set verbosity='high' to print them.

     Dense  grid:     7391 G-vectors     FFT dimensions: (  32,  32,  32)

     Estimated max dynamical RAM per process >       1.37 MB

     Estimated total dynamical RAM >      16.41 MB

     The potential is recalculated from file :
     ./tmp/_ph0/si.save/charge-density

     Starting wfcs are    8 atomic wfcs

     Band Structure Calculation
     Davidson diagonalization with overlap

     ethr =  1.25E-10,  avg # of iterations = 12.5

     total cpu time spent up to now is       31.3 secs

     End of band structure calculation

     Number of k-points >= 100: set verbosity='high' to print the bands.

     highest occupied level (ev):     6.2489

     Writing config to output data dir ./tmp/_ph0/si.save/ :
     XML data file

     Si                                                                         

     bravais-lattice index     =            0
     lattice parameter (alat)  =       7.2074  a.u.
     unit-cell volume          =     264.7386 (a.u.)^3
     number of atoms/cell      =            2
     number of atomic types    =            1
     kinetic-energy cut-off    =      35.0000  Ry
     charge density cut-off    =     140.0000  Ry
     convergence threshold     =      1.0E-12
     beta                      =       0.7000
     number of iterations used =            4
     Exchange-correlation= PW
                           (   1   4   0   0   0   0   0)


     celldm(1)=    7.20738  celldm(2)=    0.00000  celldm(3)=    0.00000
     celldm(4)=    0.00000  celldm(5)=    0.00000  celldm(6)=    0.00000

     crystal axes: (cart. coord. in units of alat)
               a(1) = ( -0.7071  0.0000  0.7071 )  
               a(2) = (  0.0000  0.7071  0.7071 )  
               a(3) = ( -0.7071  0.7071  0.0000 )  

     reciprocal axes: (cart. coord. in units 2 pi/alat)
               b(1) = ( -0.7071 -0.7071  0.7071 )  
               b(2) = (  0.7071  0.7071  0.7071 )  
               b(3) = ( -0.7071  0.7071 -0.7071 )  


     Atoms inside the unit cell: 

     Cartesian axes

     site n.  atom      mass           positions (alat units)
        1  Si     28.0860   tau(    1) = (    0.00000    0.00000    0.00000  )
        2  Si     28.0860   tau(    2) = (   -0.35355    0.35355    0.35355  )

     Computing dynamical matrix for 
                    q = (   0.0000000   0.4714045   0.0000000 )
 
      8 Sym.Ops. (no q -> -q+G )


     G cutoff =  184.2142  (    618 G-vectors)     FFT grid: ( 32, 32, 32)
     number of k points=   588

     PseudoPot. # 1 for Si read from file:
     ./Si.upf
     MD5 check sum: 9e2d726316af3d4752eea8ab0afbb951
     Pseudo is Norm-conserving + core correction, Zval =  4.0
     Generated using ONCVPSP code by D. R. Hamann
     Using radial grid of 1510 points,  6 beta functions with: 
                l(1) =   0
                l(2) =   0
                l(3) =   1
                l(4) =   1
                l(5) =   2
                l(6) =   2

     Mode symmetry, C_4v (4mm)  point group:


     Atomic displacements:
     There are    4 irreducible representations

     Representation     1      1 modes -  To be done

     Representation     2      1 modes -  To be done

     Representation     3      2 modes -  To be done

     Representation     4      2 modes -  To be done



     Alpha used in Ewald sum =   1.5000
     PHONON       :   6m41.00s CPU   7m19.50s WALL



     Representation #   1 mode #   1

     Self-consistent Calculation

      iter #   1 total cpu time :   440.1 secs   av.it.:   6.5
      thresh= 1.000E-02 alpha_mix =  0.700 |ddv_scf|^2 =  1.534E-04

      iter #   2 total cpu time :   440.8 secs   av.it.:   9.4
      thresh= 1.239E-03 alpha_mix =  0.700 |ddv_scf|^2 =  9.569E-04

      iter #   3 total cpu time :   441.5 secs   av.it.:   8.2
      thresh= 3.093E-03 alpha_mix =  0.700 |ddv_scf|^2 =  6.526E-09

      iter #   4 total cpu time :   442.2 secs   av.it.:   9.6
      thresh= 8.079E-06 alpha_mix =  0.700 |ddv_scf|^2 =  3.871E-10

      iter #   5 total cpu time :   442.9 secs   av.it.:   9.6
      thresh= 1.967E-06 alpha_mix =  0.700 |ddv_scf|^2 =  1.221E-11

      iter #   6 total cpu time :   443.7 secs   av.it.:   9.7
      thresh= 3.494E-07 alpha_mix =  0.700 |ddv_scf|^2 =  2.300E-13

     End of self-consistent calculation

     Convergence has been achieved 


     Representation #   2 mode #   2

     Self-consistent Calculation

      iter #   1 total cpu time :   444.2 secs   av.it.:   5.9
      thresh= 1.000E-02 alpha_mix =  0.700 |ddv_scf|^2 =  2.054E-06

      iter #   2 total cpu time :   445.0 secs   av.it.:   9.8
      thresh= 1.433E-04 alpha_mix =  0.700 |ddv_scf|^2 =  8.657E-07

      iter #   3 total cpu time :   445.7 secs   av.it.:   9.4
      thresh= 9.304E-05 alpha_mix =  0.700 |ddv_scf|^2 =  1.287E-09

      iter #   4 total cpu time :   446.4 secs   av.it.:   9.7
      thresh= 3.587E-06 alpha_mix =  0.700 |ddv_scf|^2 =  7.560E-11

      iter #   5 total cpu time :   447.2 secs   av.it.:   9.8
      thresh= 8.695E-07 alpha_mix =  0.700 |ddv_scf|^2 =  1.342E-13

     End of self-consistent calculation

     Convergence has been achieved 


     Representation #   3 modes #   3   4

     Self-consistent Calculation

      iter #   1 total cpu time :   448.3 secs   av.it.:   6.1
      thresh= 1.000E-02 alpha_mix =  0.700 |ddv_scf|^2 =  1.869E-07

      iter #   2 total cpu time :   450.0 secs   av.it.:  11.0
      thresh= 4.323E-05 alpha_mix =  0.700 |ddv_scf|^2 =  3.966E-08

      iter #   3 total cpu time :   451.6 secs   av.it.:  10.7
      thresh= 1.991E-05 alpha_mix =  0.700 |ddv_scf|^2 =  1.218E-10

      iter #   4 total cpu time :   453.3 secs   av.it.:  11.0
      thresh= 1.103E-06 alpha_mix =  0.700 |ddv_scf|^2 =  3.691E-13

     End of self-consistent calculation

     Convergence has been achieved 


     Representation #   4 modes #   5   6

     Self-consistent Calculation

      iter #   1 total cpu time :   454.4 secs   av.it.:   6.1
      thresh= 1.000E-02 alpha_mix =  0.700 |ddv_scf|^2 =  2.940E-07

      iter #   2 total cpu time :   456.1 secs   av.it.:  10.9
      thresh= 5.422E-05 alpha_mix =  0.700 |ddv_scf|^2 =  6.328E-08

      iter #   3 total cpu time :   457.8 secs   av.it.:  10.6
      thresh= 2.516E-05 alpha_mix =  0.700 |ddv_scf|^2 =  1.347E-10

      iter #   4 total cpu time :   459.6 secs   av.it.:  10.9
      thresh= 1.161E-06 alpha_mix =  0.700 |ddv_scf|^2 =  3.375E-13

     End of self-consistent calculation

     Convergence has been achieved 
 
     Number of q in the star =    6
     List of q in the star:
          1   0.000000000   0.471404521   0.000000000
          2   0.471404521   0.000000000   0.000000000
          3   0.000000000   0.000000000   0.471404521
          4   0.000000000  -0.471404521   0.000000000
          5  -0.471404521   0.000000000   0.000000000
          6   0.000000000   0.000000000  -0.471404521

     Diagonalizing the dynamical matrix

     q = (    0.000000000   0.471404521   0.000000000 ) 

 **************************************************************************
     freq (    1) =       4.021532 [THz] =     134.143884 [cm-1]
     freq (    2) =       4.021532 [THz] =     134.143884 [cm-1]
     freq (    3) =       9.187628 [THz] =     306.466295 [cm-1]
     freq (    4) =      13.958684 [THz] =     465.611592 [cm-1]
     freq (    5) =      13.958684 [THz] =     465.611592 [cm-1]
     freq (    6) =      14.172494 [THz] =     472.743502 [cm-1]
 **************************************************************************

     Mode symmetry, C_4v (4mm)  point group:

     freq (   1-   2) =        134.1  [cm-1]   --> E    G_5 D_5       
     freq (   3-   3) =        306.5  [cm-1]   --> A_1  G_1 D_1       
     freq (   4-   5) =        465.6  [cm-1]   --> E    G_5 D_5       
     freq (   6-   6) =        472.7  [cm-1]   --> B_2  G_4 D_2'      

     Calculation of q =    0.5892557  -0.1178511   0.5892557
 
     Parallelization info
     --------------------
     sticks:   dense  smooth     PW     G-vecs:    dense   smooth      PW
     Min          41      41     16                  614      614     151
     Max          42      42     17                  618      618     154
     Sum         499     499    199                 7391     7391    1837
 
     Using Slab Decomposition
 

     Title: 
     Si                                                                         


     bravais-lattice index     =            0
     lattice parameter (alat)  =       7.2074  a.u.
     unit-cell volume          =     264.7386 (a.u.)^3
     number of atoms/cell      =            2
     number of atomic types    =            1
     number of electrons       =         8.00
     number of Kohn-Sham states=            4
     kinetic-energy cutoff     =      35.0000  Ry
     charge density cutoff     =     140.0000  Ry
     Exchange-correlation= PW
                           (   1   4   0   0   0   0   0)

     celldm(1)=   7.207380  celldm(2)=   0.000000  celldm(3)=   0.000000
     celldm(4)=   0.000000  celldm(5)=   0.000000  celldm(6)=   0.000000

     crystal axes: (cart. coord. in units of alat)
               a(1) = (  -0.707107   0.000000   0.707107 )  
               a(2) = (   0.000000   0.707107   0.707107 )  
               a(3) = (  -0.707107   0.707107   0.000000 )  

     reciprocal axes: (cart. coord. in units 2 pi/alat)
               b(1) = ( -0.707107 -0.707107  0.707107 )  
               b(2) = (  0.707107  0.707107  0.707107 )  
               b(3) = ( -0.707107  0.707107 -0.707107 )  


     PseudoPot. # 1 for Si read from file:
     ./Si.upf
     MD5 check sum: 9e2d726316af3d4752eea8ab0afbb951
     Pseudo is Norm-conserving + core correction, Zval =  4.0
     Generated using ONCVPSP code by D. R. Hamann
     Using radial grid of 1510 points,  6 beta functions with: 
                l(1) =   0
                l(2) =   0
                l(3) =   1
                l(4) =   1
                l(5) =   2
                l(6) =   2

     atomic species   valence    mass     pseudopotential
     Si                4.00    28.08600     Si( 1.00)

     48 Sym. Ops., with inversion, found



   Cartesian axes

     site n.     atom                  positions (alat units)
         1        Si     tau(   1) = (   0.0000000   0.0000000   0.0000000  )
         2        Si     tau(   2) = (  -0.3535534   0.3535534   0.3535534  )

     number of k points=  1872

     Number of k-points >= 100: set verbosity='high' to print them.

     Dense  grid:     7391 G-vectors     FFT dimensions: (  32,  32,  32)

     Estimated max dynamical RAM per process >       1.39 MB

     Estimated total dynamical RAM >      16.72 MB

     The potential is recalculated from file :
     ./tmp/_ph0/si.save/charge-density

     Starting wfcs are    8 atomic wfcs

     Band Structure Calculation
     Davidson diagonalization with overlap

     ethr =  1.25E-10,  avg # of iterations = 12.5

     total cpu time spent up to now is       38.0 secs

     End of band structure calculation

     Number of k-points >= 100: set verbosity='high' to print the bands.

     highest occupied level (ev):     6.2489

     Writing config to output data dir ./tmp/_ph0/si.save/ :
     XML data file

     Si                                                                         

     bravais-lattice index     =            0
     lattice parameter (alat)  =       7.2074  a.u.
     unit-cell volume          =     264.7386 (a.u.)^3
     number of atoms/cell      =            2
     number of atomic types    =            1
     kinetic-energy cut-off    =      35.0000  Ry
     charge density cut-off    =     140.0000  Ry
     convergence threshold     =      1.0E-12
     beta                      =       0.7000
     number of iterations used =            4
     Exchange-correlation= PW
                           (   1   4   0   0   0   0   0)


     celldm(1)=    7.20738  celldm(2)=    0.00000  celldm(3)=    0.00000
     celldm(4)=    0.00000  celldm(5)=    0.00000  celldm(6)=    0.00000

     crystal axes: (cart. coord. in units of alat)
               a(1) = ( -0.7071  0.0000  0.7071 )  
               a(2) = (  0.0000  0.7071  0.7071 )  
               a(3) = ( -0.7071  0.7071  0.0000 )  

     reciprocal axes: (cart. coord. in units 2 pi/alat)
               b(1) = ( -0.7071 -0.7071  0.7071 )  
               b(2) = (  0.7071  0.7071  0.7071 )  
               b(3) = ( -0.7071  0.7071 -0.7071 )  


     Atoms inside the unit cell: 

     Cartesian axes

     site n.  atom      mass           positions (alat units)
        1  Si     28.0860   tau(    1) = (    0.00000    0.00000    0.00000  )
        2  Si     28.0860   tau(    2) = (   -0.35355    0.35355    0.35355  )

     Computing dynamical matrix for 
                    q = (   0.5892557  -0.1178511   0.5892557 )
 
      2 Sym.Ops. (no q -> -q+G )


     G cutoff =  184.2142  (    618 G-vectors)     FFT grid: ( 32, 32, 32)
     number of k points=  1872

     PseudoPot. # 1 for Si read from file:
     ./Si.upf
     MD5 check sum: 9e2d726316af3d4752eea8ab0afbb951
     Pseudo is Norm-conserving + core correction, Zval =  4.0
     Generated using ONCVPSP code by D. R. Hamann
     Using radial grid of 1510 points,  6 beta functions with: 
                l(1) =   0
                l(2) =   0
                l(3) =   1
                l(4) =   1
                l(5) =   2
                l(6) =   2

     Mode symmetry, C_s (m)     point group:


     Atomic displacements:
     There are    6 irreducible representations

     Representation     1      1 modes -  To be done

     Representation     2      1 modes -  To be done

     Representation     3      1 modes -  To be done

     Representation     4      1 modes -  To be done

     Representation     5      1 modes -  To be done

     Representation     6      1 modes -  To be done



     Alpha used in Ewald sum =   1.5000
     PHONON       :   7m 5.70s CPU   7m46.54s WALL



     Representation #   1 mode #   1

     Self-consistent Calculation

      iter #   1 total cpu time :   468.4 secs   av.it.:   6.5
      thresh= 1.000E-02 alpha_mix =  0.700 |ddv_scf|^2 =  1.670E-05

      iter #   2 total cpu time :   470.9 secs   av.it.:  10.2
      thresh= 4.087E-04 alpha_mix =  0.700 |ddv_scf|^2 =  4.093E-05

      iter #   3 total cpu time :   473.3 secs   av.it.:   9.2
      thresh= 6.398E-04 alpha_mix =  0.700 |ddv_scf|^2 =  1.903E-07

      iter #   4 total cpu time :   475.7 secs   av.it.:   9.7
      thresh= 4.362E-05 alpha_mix =  0.700 |ddv_scf|^2 =  1.412E-09

      iter #   5 total cpu time :   478.3 secs   av.it.:  10.2
      thresh= 3.758E-06 alpha_mix =  0.700 |ddv_scf|^2 =  2.440E-10

      iter #   6 total cpu time :   480.8 secs   av.it.:  10.0
      thresh= 1.562E-06 alpha_mix =  0.700 |ddv_scf|^2 =  4.978E-12

      iter #   7 total cpu time :   483.4 secs   av.it.:  10.3
      thresh= 2.231E-07 alpha_mix =  0.700 |ddv_scf|^2 =  1.688E-13

     End of self-consistent calculation

     Convergence has been achieved 


     Representation #   2 mode #   2

     Self-consistent Calculation

      iter #   1 total cpu time :   485.3 secs   av.it.:   6.5
      thresh= 1.000E-02 alpha_mix =  0.700 |ddv_scf|^2 =  1.604E-05

      iter #   2 total cpu time :   487.8 secs   av.it.:  10.2
      thresh= 4.005E-04 alpha_mix =  0.700 |ddv_scf|^2 =  3.923E-05

      iter #   3 total cpu time :   490.2 secs   av.it.:   9.2
      thresh= 6.264E-04 alpha_mix =  0.700 |ddv_scf|^2 =  1.879E-07

      iter #   4 total cpu time :   492.4 secs   av.it.:   9.7
      thresh= 4.335E-05 alpha_mix =  0.700 |ddv_scf|^2 =  1.299E-09

      iter #   5 total cpu time :   494.9 secs   av.it.:  10.1
      thresh= 3.604E-06 alpha_mix =  0.700 |ddv_scf|^2 =  1.446E-10

      iter #   6 total cpu time :   497.3 secs   av.it.:  10.2
      thresh= 1.203E-06 alpha_mix =  0.700 |ddv_scf|^2 =  9.015E-12

      iter #   7 total cpu time :   499.7 secs   av.it.:  10.3
      thresh= 3.002E-07 alpha_mix =  0.700 |ddv_scf|^2 =  4.608E-13

     End of self-consistent calculation

     Convergence has been achieved 


     Representation #   3 mode #   3

     Self-consistent Calculation

      iter #   1 total cpu time :   501.6 secs   av.it.:   6.3
      thresh= 1.000E-02 alpha_mix =  0.700 |ddv_scf|^2 =  7.658E-06

      iter #   2 total cpu time :   504.0 secs   av.it.:  10.2
      thresh= 2.767E-04 alpha_mix =  0.700 |ddv_scf|^2 =  1.531E-05

      iter #   3 total cpu time :   506.3 secs   av.it.:   9.2
      thresh= 3.913E-04 alpha_mix =  0.700 |ddv_scf|^2 =  2.395E-07

      iter #   4 total cpu time :   508.7 secs   av.it.:   9.5
      thresh= 4.894E-05 alpha_mix =  0.700 |ddv_scf|^2 =  8.979E-10

      iter #   5 total cpu time :   511.2 secs   av.it.:  10.2
      thresh= 2.996E-06 alpha_mix =  0.700 |ddv_scf|^2 =  2.553E-10

      iter #   6 total cpu time :   513.6 secs   av.it.:   9.9
      thresh= 1.598E-06 alpha_mix =  0.700 |ddv_scf|^2 =  5.602E-12

      iter #   7 total cpu time :   516.1 secs   av.it.:  10.3
      thresh= 2.367E-07 alpha_mix =  0.700 |ddv_scf|^2 =  1.948E-13

     End of self-consistent calculation

     Convergence has been achieved 


     Representation #   4 mode #   4

     Self-consistent Calculation

      iter #   1 total cpu time :   518.0 secs   av.it.:   6.3
      thresh= 1.000E-02 alpha_mix =  0.700 |ddv_scf|^2 =  6.985E-06

      iter #   2 total cpu time :   520.6 secs   av.it.:  10.3
      thresh= 2.643E-04 alpha_mix =  0.700 |ddv_scf|^2 =  1.357E-05

      iter #   3 total cpu time :   522.9 secs   av.it.:   9.3
      thresh= 3.684E-04 alpha_mix =  0.700 |ddv_scf|^2 =  2.382E-07

      iter #   4 total cpu time :   525.3 secs   av.it.:   9.7
      thresh= 4.881E-05 alpha_mix =  0.700 |ddv_scf|^2 =  1.207E-09

      iter #   5 total cpu time :   527.7 secs   av.it.:  10.2
      thresh= 3.474E-06 alpha_mix =  0.700 |ddv_scf|^2 =  2.987E-10

      iter #   6 total cpu time :   530.1 secs   av.it.:  10.0
      thresh= 1.728E-06 alpha_mix =  0.700 |ddv_scf|^2 =  8.310E-12

      iter #   7 total cpu time :   532.7 secs   av.it.:  10.3
      thresh= 2.883E-07 alpha_mix =  0.700 |ddv_scf|^2 =  3.876E-13

     End of self-consistent calculation

     Convergence has been achieved 


     Representation #   5 mode #   5

     Self-consistent Calculation

      iter #   1 total cpu time :   534.5 secs   av.it.:   6.0
      thresh= 1.000E-02 alpha_mix =  0.700 |ddv_scf|^2 =  1.050E-06

      iter #   2 total cpu time :   537.1 secs   av.it.:  10.1
      thresh= 1.025E-04 alpha_mix =  0.700 |ddv_scf|^2 =  2.439E-07

      iter #   3 total cpu time :   539.5 secs   av.it.:   9.7
      thresh= 4.938E-05 alpha_mix =  0.700 |ddv_scf|^2 =  5.299E-10

      iter #   4 total cpu time :   541.9 secs   av.it.:  10.1
      thresh= 2.302E-06 alpha_mix =  0.700 |ddv_scf|^2 =  1.151E-12

      iter #   5 total cpu time :   544.4 secs   av.it.:  10.2
      thresh= 1.073E-07 alpha_mix =  0.700 |ddv_scf|^2 =  1.897E-14

     End of self-consistent calculation

     Convergence has been achieved 


     Representation #   6 mode #   6

     Self-consistent Calculation

      iter #   1 total cpu time :   546.3 secs   av.it.:   6.0
      thresh= 1.000E-02 alpha_mix =  0.700 |ddv_scf|^2 =  1.050E-06

      iter #   2 total cpu time :   548.9 secs   av.it.:  10.1
      thresh= 1.025E-04 alpha_mix =  0.700 |ddv_scf|^2 =  2.439E-07

      iter #   3 total cpu time :   551.3 secs   av.it.:   9.7
      thresh= 4.938E-05 alpha_mix =  0.700 |ddv_scf|^2 =  5.299E-10

      iter #   4 total cpu time :   553.8 secs   av.it.:  10.1
      thresh= 2.302E-06 alpha_mix =  0.700 |ddv_scf|^2 =  1.151E-12

      iter #   5 total cpu time :   556.2 secs   av.it.:  10.2
      thresh= 1.073E-07 alpha_mix =  0.700 |ddv_scf|^2 =  1.898E-14

     End of self-consistent calculation

     Convergence has been achieved 
 
     Number of q in the star =   24
     List of q in the star:
          1   0.589255651  -0.117851130   0.589255651
          2  -0.589255651  -0.117851130   0.589255651
          3   0.589255651  -0.117851130  -0.589255651
          4  -0.589255651  -0.117851130  -0.589255651
          5  -0.117851130   0.589255651  -0.589255651
          6  -0.589255651   0.589255651  -0.117851130
          7   0.589255651   0.117851130   0.589255651
          8  -0.589255651   0.117851130   0.589255651
          9   0.589255651   0.117851130  -0.589255651
         10  -0.117851130   0.589255651   0.589255651
         11   0.117851130   0.589255651  -0.589255651
         12  -0.117851130  -0.589255651  -0.589255651
         13   0.589255651  -0.589255651   0.117851130
         14   0.589255651   0.589255651  -0.117851130
         15  -0.589255651  -0.589255651  -0.117851130
         16  -0.589255651   0.589255651   0.117851130
         17   0.117851130  -0.589255651   0.589255651
         18   0.117851130   0.589255651   0.589255651
         19  -0.589255651   0.117851130  -0.589255651
         20  -0.117851130  -0.589255651   0.589255651
         21  -0.589255651  -0.589255651   0.117851130
         22   0.589255651   0.589255651   0.117851130
         23   0.117851130  -0.589255651  -0.589255651
         24   0.589255651  -0.589255651  -0.117851130

     Diagonalizing the dynamical matrix

     q = (    0.589255651  -0.117851130   0.589255651 ) 

 **************************************************************************
     freq (    1) =       4.145312 [THz] =     138.272722 [cm-1]
     freq (    2) =       5.446083 [THz] =     181.661774 [cm-1]
     freq (    3) =      10.245315 [THz] =     341.746914 [cm-1]
     freq (    4) =      12.494644 [THz] =     416.776466 [cm-1]
     freq (    5) =      13.891206 [THz] =     463.360747 [cm-1]
     freq (    6) =      14.188913 [THz] =     473.291197 [cm-1]
 **************************************************************************

     Mode symmetry, C_s (m)     point group:

     freq (   1-   1) =        138.3  [cm-1]   --> A''                
     freq (   2-   2) =        181.7  [cm-1]   --> A'                 
     freq (   3-   3) =        341.7  [cm-1]   --> A'                 
     freq (   4-   4) =        416.8  [cm-1]   --> A'                 
     freq (   5-   5) =        463.4  [cm-1]   --> A''                
     freq (   6-   6) =        473.3  [cm-1]   --> A'                 

     Calculation of q =    0.4714045  -0.0000000   0.4714045
 
     Parallelization info
     --------------------
     sticks:   dense  smooth     PW     G-vecs:    dense   smooth      PW
     Min          41      41     16                  614      614     150
     Max          42      42     17                  618      618     152
     Sum         499     499    199                 7391     7391    1807
 
     Using Slab Decomposition
 

     Title: 
     Si                                                                         


     bravais-lattice index     =            0
     lattice parameter (alat)  =       7.2074  a.u.
     unit-cell volume          =     264.7386 (a.u.)^3
     number of atoms/cell      =            2
     number of atomic types    =            1
     number of electrons       =         8.00
     number of Kohn-Sham states=            4
     kinetic-energy cutoff     =      35.0000  Ry
     charge density cutoff     =     140.0000  Ry
     Exchange-correlation= PW
                           (   1   4   0   0   0   0   0)

     celldm(1)=   7.207380  celldm(2)=   0.000000  celldm(3)=   0.000000
     celldm(4)=   0.000000  celldm(5)=   0.000000  celldm(6)=   0.000000

     crystal axes: (cart. coord. in units of alat)
               a(1) = (  -0.707107   0.000000   0.707107 )  
               a(2) = (   0.000000   0.707107   0.707107 )  
               a(3) = (  -0.707107   0.707107   0.000000 )  

     reciprocal axes: (cart. coord. in units 2 pi/alat)
               b(1) = ( -0.707107 -0.707107  0.707107 )  
               b(2) = (  0.707107  0.707107  0.707107 )  
               b(3) = ( -0.707107  0.707107 -0.707107 )  


     PseudoPot. # 1 for Si read from file:
     ./Si.upf
     MD5 check sum: 9e2d726316af3d4752eea8ab0afbb951
     Pseudo is Norm-conserving + core correction, Zval =  4.0
     Generated using ONCVPSP code by D. R. Hamann
     Using radial grid of 1510 points,  6 beta functions with: 
                l(1) =   0
                l(2) =   0
                l(3) =   1
                l(4) =   1
                l(5) =   2
                l(6) =   2

     atomic species   valence    mass     pseudopotential
     Si                4.00    28.08600     Si( 1.00)

     48 Sym. Ops., with inversion, found



   Cartesian axes

     site n.     atom                  positions (alat units)
         1        Si     tau(   1) = (   0.0000000   0.0000000   0.0000000  )
         2        Si     tau(   2) = (  -0.3535534   0.3535534   0.3535534  )

     number of k points=  1020

     Number of k-points >= 100: set verbosity='high' to print them.

     Dense  grid:     7391 G-vectors     FFT dimensions: (  32,  32,  32)

     Estimated max dynamical RAM per process >       1.38 MB

     Estimated total dynamical RAM >      16.57 MB

     The potential is recalculated from file :
     ./tmp/_ph0/si.save/charge-density

     Starting wfcs are    8 atomic wfcs

     Band Structure Calculation
     Davidson diagonalization with overlap

     ethr =  1.25E-10,  avg # of iterations = 12.5

     total cpu time spent up to now is       41.6 secs

     End of band structure calculation

     Number of k-points >= 100: set verbosity='high' to print the bands.

     highest occupied level (ev):     6.2489

     Writing config to output data dir ./tmp/_ph0/si.save/ :
     XML data file

     Si                                                                         

     bravais-lattice index     =            0
     lattice parameter (alat)  =       7.2074  a.u.
     unit-cell volume          =     264.7386 (a.u.)^3
     number of atoms/cell      =            2
     number of atomic types    =            1
     kinetic-energy cut-off    =      35.0000  Ry
     charge density cut-off    =     140.0000  Ry
     convergence threshold     =      1.0E-12
     beta                      =       0.7000
     number of iterations used =            4
     Exchange-correlation= PW
                           (   1   4   0   0   0   0   0)


     celldm(1)=    7.20738  celldm(2)=    0.00000  celldm(3)=    0.00000
     celldm(4)=    0.00000  celldm(5)=    0.00000  celldm(6)=    0.00000

     crystal axes: (cart. coord. in units of alat)
               a(1) = ( -0.7071  0.0000  0.7071 )  
               a(2) = (  0.0000  0.7071  0.7071 )  
               a(3) = ( -0.7071  0.7071  0.0000 )  

     reciprocal axes: (cart. coord. in units 2 pi/alat)
               b(1) = ( -0.7071 -0.7071  0.7071 )  
               b(2) = (  0.7071  0.7071  0.7071 )  
               b(3) = ( -0.7071  0.7071 -0.7071 )  


     Atoms inside the unit cell: 

     Cartesian axes

     site n.  atom      mass           positions (alat units)
        1  Si     28.0860   tau(    1) = (    0.00000    0.00000    0.00000  )
        2  Si     28.0860   tau(    2) = (   -0.35355    0.35355    0.35355  )

     Computing dynamical matrix for 
                    q = (   0.4714045  -0.0000000   0.4714045 )
 
      4 Sym.Ops. (no q -> -q+G )


     G cutoff =  184.2142  (    618 G-vectors)     FFT grid: ( 32, 32, 32)
     number of k points=  1020

     PseudoPot. # 1 for Si read from file:
     ./Si.upf
     MD5 check sum: 9e2d726316af3d4752eea8ab0afbb951
     Pseudo is Norm-conserving + core correction, Zval =  4.0
     Generated using ONCVPSP code by D. R. Hamann
     Using radial grid of 1510 points,  6 beta functions with: 
                l(1) =   0
                l(2) =   0
                l(3) =   1
                l(4) =   1
                l(5) =   2
                l(6) =   2

     Mode symmetry, C_2v (mm2)  point group:


     Atomic displacements:
     There are    6 irreducible representations

     Representation     1      1 modes -  To be done

     Representation     2      1 modes -  To be done

     Representation     3      1 modes -  To be done

     Representation     4      1 modes -  To be done

     Representation     5      1 modes -  To be done

     Representation     6      1 modes -  To be done



     Alpha used in Ewald sum =   1.5000
     PHONON       :   8m30.90s CPU   9m20.04s WALL



     Representation #   1 mode #   1

     Self-consistent Calculation

      iter #   1 total cpu time :   561.0 secs   av.it.:   6.2
      thresh= 1.000E-02 alpha_mix =  0.700 |ddv_scf|^2 =  7.025E-06

      iter #   2 total cpu time :   562.3 secs   av.it.:  10.1
      thresh= 2.651E-04 alpha_mix =  0.700 |ddv_scf|^2 =  9.536E-06

      iter #   3 total cpu time :   563.6 secs   av.it.:   9.3
      thresh= 3.088E-04 alpha_mix =  0.700 |ddv_scf|^2 =  1.337E-07

      iter #   4 total cpu time :   564.9 secs   av.it.:   9.4
      thresh= 3.656E-05 alpha_mix =  0.700 |ddv_scf|^2 =  5.205E-10

      iter #   5 total cpu time :   566.2 secs   av.it.:   9.9
      thresh= 2.281E-06 alpha_mix =  0.700 |ddv_scf|^2 =  3.961E-12

      iter #   6 total cpu time :   567.5 secs   av.it.:  10.0
      thresh= 1.990E-07 alpha_mix =  0.700 |ddv_scf|^2 =  4.239E-14

     End of self-consistent calculation

     Convergence has been achieved 


     Representation #   2 mode #   2

     Self-consistent Calculation

      iter #   1 total cpu time :   568.6 secs   av.it.:   6.6
      thresh= 1.000E-02 alpha_mix =  0.700 |ddv_scf|^2 =  2.297E-05

      iter #   2 total cpu time :   570.1 secs   av.it.:  10.0
      thresh= 4.792E-04 alpha_mix =  0.700 |ddv_scf|^2 =  4.010E-05

      iter #   3 total cpu time :   571.4 secs   av.it.:   9.1
      thresh= 6.333E-04 alpha_mix =  0.700 |ddv_scf|^2 =  1.733E-07

      iter #   4 total cpu time :   572.7 secs   av.it.:   9.4
      thresh= 4.162E-05 alpha_mix =  0.700 |ddv_scf|^2 =  8.389E-10

      iter #   5 total cpu time :   574.0 secs   av.it.:   9.6
      thresh= 2.896E-06 alpha_mix =  0.700 |ddv_scf|^2 =  8.972E-12

      iter #   6 total cpu time :   575.3 secs   av.it.:   9.7
      thresh= 2.995E-07 alpha_mix =  0.700 |ddv_scf|^2 =  1.963E-13

     End of self-consistent calculation

     Convergence has been achieved 


     Representation #   3 mode #   3

     Self-consistent Calculation

      iter #   1 total cpu time :   576.4 secs   av.it.:   6.0
      thresh= 1.000E-02 alpha_mix =  0.700 |ddv_scf|^2 =  1.481E-06

      iter #   2 total cpu time :   577.7 secs   av.it.:   9.9
      thresh= 1.217E-04 alpha_mix =  0.700 |ddv_scf|^2 =  2.687E-07

      iter #   3 total cpu time :   579.0 secs   av.it.:   9.6
      thresh= 5.184E-05 alpha_mix =  0.700 |ddv_scf|^2 =  5.648E-10

      iter #   4 total cpu time :   580.4 secs   av.it.:   9.7
      thresh= 2.377E-06 alpha_mix =  0.700 |ddv_scf|^2 =  4.057E-13

     End of self-consistent calculation

     Convergence has been achieved 


     Representation #   4 mode #   4

     Self-consistent Calculation

      iter #   1 total cpu time :   581.3 secs   av.it.:   5.1
      thresh= 1.000E-02 alpha_mix =  0.700 |ddv_scf|^2 =  3.105E-08

      iter #   2 total cpu time :   582.7 secs   av.it.:   9.8
      thresh= 1.762E-05 alpha_mix =  0.700 |ddv_scf|^2 =  1.469E-09

      iter #   3 total cpu time :   584.0 secs   av.it.:   9.9
      thresh= 3.833E-06 alpha_mix =  0.700 |ddv_scf|^2 =  1.034E-11

      iter #   4 total cpu time :   585.3 secs   av.it.:   9.6
      thresh= 3.216E-07 alpha_mix =  0.700 |ddv_scf|^2 =  2.081E-13

     End of self-consistent calculation

     Convergence has been achieved 


     Representation #   5 mode #   5

     Self-consistent Calculation

      iter #   1 total cpu time :   586.3 secs   av.it.:   5.2
      thresh= 1.000E-02 alpha_mix =  0.700 |ddv_scf|^2 =  1.903E-07

      iter #   2 total cpu time :   587.6 secs   av.it.:  10.2
      thresh= 4.362E-05 alpha_mix =  0.700 |ddv_scf|^2 =  1.059E-07

      iter #   3 total cpu time :   588.9 secs   av.it.:   9.6
      thresh= 3.255E-05 alpha_mix =  0.700 |ddv_scf|^2 =  6.774E-09

      iter #   4 total cpu time :   590.2 secs   av.it.:   9.6
      thresh= 8.231E-06 alpha_mix =  0.700 |ddv_scf|^2 =  8.524E-11

      iter #   5 total cpu time :   591.5 secs   av.it.:  10.0
      thresh= 9.232E-07 alpha_mix =  0.700 |ddv_scf|^2 =  1.171E-12

      iter #   6 total cpu time :   592.7 secs   av.it.:   9.9
      thresh= 1.082E-07 alpha_mix =  0.700 |ddv_scf|^2 =  1.660E-15

     End of self-consistent calculation

     Convergence has been achieved 


     Representation #   6 mode #   6

     Self-consistent Calculation

      iter #   1 total cpu time :   593.8 secs   av.it.:   6.3
      thresh= 1.000E-02 alpha_mix =  0.700 |ddv_scf|^2 =  9.729E-06

      iter #   2 total cpu time :   595.1 secs   av.it.:  10.1
      thresh= 3.119E-04 alpha_mix =  0.700 |ddv_scf|^2 =  1.248E-05

      iter #   3 total cpu time :   596.4 secs   av.it.:   9.3
      thresh= 3.533E-04 alpha_mix =  0.700 |ddv_scf|^2 =  2.569E-09

      iter #   4 total cpu time :   597.6 secs   av.it.:   9.9
      thresh= 5.069E-06 alpha_mix =  0.700 |ddv_scf|^2 =  1.190E-10

      iter #   5 total cpu time :   598.9 secs   av.it.:  10.0
      thresh= 1.091E-06 alpha_mix =  0.700 |ddv_scf|^2 =  5.454E-13

     End of self-consistent calculation

     Convergence has been achieved 
 
     Number of q in the star =   12
     List of q in the star:
          1   0.471404521   0.000000000   0.471404521
          2  -0.471404521   0.000000000   0.471404521
          3  -0.471404521   0.000000000  -0.471404521
          4   0.471404521   0.000000000  -0.471404521
          5   0.000000000   0.471404521  -0.471404521
          6  -0.471404521   0.471404521   0.000000000
          7   0.000000000   0.471404521   0.471404521
          8   0.000000000  -0.471404521  -0.471404521
          9   0.471404521  -0.471404521   0.000000000
         10   0.471404521   0.471404521   0.000000000
         11  -0.471404521  -0.471404521   0.000000000
         12   0.000000000  -0.471404521   0.471404521

     Diagonalizing the dynamical matrix

     q = (    0.471404521  -0.000000000   0.471404521 ) 

 **************************************************************************
     freq (    1) =       4.246807 [THz] =     141.658227 [cm-1]
     freq (    2) =       6.422788 [THz] =     214.241132 [cm-1]
     freq (    3) =      10.127151 [THz] =     337.805406 [cm-1]
     freq (    4) =      11.335332 [THz] =     378.105987 [cm-1]
     freq (    5) =      13.936915 [THz] =     464.885435 [cm-1]
     freq (    6) =      14.502814 [THz] =     483.761818 [cm-1]
 **************************************************************************

     Mode symmetry, C_2v (mm2)  point group:

     freq (   1-   1) =        141.7  [cm-1]   --> B_1  D_3  S_3      
     freq (   2-   2) =        214.2  [cm-1]   --> B_2  D_4  S_4      
     freq (   3-   3) =        337.8  [cm-1]   --> A_1  D_1  S_1      
     freq (   4-   4) =        378.1  [cm-1]   --> B_2  D_4  S_4      
     freq (   5-   5) =        464.9  [cm-1]   --> A_2  D_2  S_2      
     freq (   6-   6) =        483.8  [cm-1]   --> A_1  D_1  S_1      

     Calculation of q =    0.0000000  -0.7071068   0.0000000
 
     Parallelization info
     --------------------
     sticks:   dense  smooth     PW     G-vecs:    dense   smooth      PW
     Min          41      41     15                  614      614     140
     Max          42      42     16                  618      618     143
     Sum         499     499    187                 7391     7391    1687
 
     Using Slab Decomposition
 

     Title: 
     Si                                                                         


     bravais-lattice index     =            0
     lattice parameter (alat)  =       7.2074  a.u.
     unit-cell volume          =     264.7386 (a.u.)^3
     number of atoms/cell      =            2
     number of atomic types    =            1
     number of electrons       =         8.00
     number of Kohn-Sham states=            4
     kinetic-energy cutoff     =      35.0000  Ry
     charge density cutoff     =     140.0000  Ry
     Exchange-correlation= PW
                           (   1   4   0   0   0   0   0)

     celldm(1)=   7.207380  celldm(2)=   0.000000  celldm(3)=   0.000000
     celldm(4)=   0.000000  celldm(5)=   0.000000  celldm(6)=   0.000000

     crystal axes: (cart. coord. in units of alat)
               a(1) = (  -0.707107   0.000000   0.707107 )  
               a(2) = (   0.000000   0.707107   0.707107 )  
               a(3) = (  -0.707107   0.707107   0.000000 )  

     reciprocal axes: (cart. coord. in units 2 pi/alat)
               b(1) = ( -0.707107 -0.707107  0.707107 )  
               b(2) = (  0.707107  0.707107  0.707107 )  
               b(3) = ( -0.707107  0.707107 -0.707107 )  


     PseudoPot. # 1 for Si read from file:
     ./Si.upf
     MD5 check sum: 9e2d726316af3d4752eea8ab0afbb951
     Pseudo is Norm-conserving + core correction, Zval =  4.0
     Generated using ONCVPSP code by D. R. Hamann
     Using radial grid of 1510 points,  6 beta functions with: 
                l(1) =   0
                l(2) =   0
                l(3) =   1
                l(4) =   1
                l(5) =   2
                l(6) =   2

     atomic species   valence    mass     pseudopotential
     Si                4.00    28.08600     Si( 1.00)

     48 Sym. Ops., with inversion, found



   Cartesian axes

     site n.     atom                  positions (alat units)
         1        Si     tau(   1) = (   0.0000000   0.0000000   0.0000000  )
         2        Si     tau(   2) = (  -0.3535534   0.3535534   0.3535534  )

     number of k points=   326

     Number of k-points >= 100: set verbosity='high' to print them.

     Dense  grid:     7391 G-vectors     FFT dimensions: (  32,  32,  32)

     Estimated max dynamical RAM per process >       1.38 MB

     Estimated total dynamical RAM >      16.60 MB

     The potential is recalculated from file :
     ./tmp/_ph0/si.save/charge-density

     Starting wfcs are    8 atomic wfcs

     Band Structure Calculation
     Davidson diagonalization with overlap

     ethr =  1.25E-10,  avg # of iterations = 12.5

     total cpu time spent up to now is       42.7 secs

     End of band structure calculation

     Number of k-points >= 100: set verbosity='high' to print the bands.

     highest occupied level (ev):     6.2489

     Writing config to output data dir ./tmp/_ph0/si.save/ :
     XML data file

     Si                                                                         

     bravais-lattice index     =            0
     lattice parameter (alat)  =       7.2074  a.u.
     unit-cell volume          =     264.7386 (a.u.)^3
     number of atoms/cell      =            2
     number of atomic types    =            1
     kinetic-energy cut-off    =      35.0000  Ry
     charge density cut-off    =     140.0000  Ry
     convergence threshold     =      1.0E-12
     beta                      =       0.7000
     number of iterations used =            4
     Exchange-correlation= PW
                           (   1   4   0   0   0   0   0)


     celldm(1)=    7.20738  celldm(2)=    0.00000  celldm(3)=    0.00000
     celldm(4)=    0.00000  celldm(5)=    0.00000  celldm(6)=    0.00000

     crystal axes: (cart. coord. in units of alat)
               a(1) = ( -0.7071  0.0000  0.7071 )  
               a(2) = (  0.0000  0.7071  0.7071 )  
               a(3) = ( -0.7071  0.7071  0.0000 )  

     reciprocal axes: (cart. coord. in units 2 pi/alat)
               b(1) = ( -0.7071 -0.7071  0.7071 )  
               b(2) = (  0.7071  0.7071  0.7071 )  
               b(3) = ( -0.7071  0.7071 -0.7071 )  


     Atoms inside the unit cell: 

     Cartesian axes

     site n.  atom      mass           positions (alat units)
        1  Si     28.0860   tau(    1) = (    0.00000    0.00000    0.00000  )
        2  Si     28.0860   tau(    2) = (   -0.35355    0.35355    0.35355  )

     Computing dynamical matrix for 
                    q = (   0.0000000  -0.7071068   0.0000000 )
 
     17 Sym.Ops. (with q -> -q+G )


     G cutoff =  184.2142  (    618 G-vectors)     FFT grid: ( 32, 32, 32)
     number of k points=   326

     PseudoPot. # 1 for Si read from file:
     ./Si.upf
     MD5 check sum: 9e2d726316af3d4752eea8ab0afbb951
     Pseudo is Norm-conserving + core correction, Zval =  4.0
     Generated using ONCVPSP code by D. R. Hamann
     Using radial grid of 1510 points,  6 beta functions with: 
                l(1) =   0
                l(2) =   0
                l(3) =   1
                l(4) =   1
                l(5) =   2
                l(6) =   2


     Atomic displacements:
     There are    3 irreducible representations

     Representation     1      2 modes -  To be done

     Representation     2      2 modes -  To be done

     Representation     3      2 modes -  To be done



     Alpha used in Ewald sum =   1.5000
     PHONON       :   9m 7.50s CPU  10m 0.14s WALL



     Representation #   1 modes #   1   2

     Self-consistent Calculation

      iter #   1 total cpu time :   600.7 secs   av.it.:   5.0
      thresh= 1.000E-02 alpha_mix =  0.700 |ddv_scf|^2 =  5.467E-09

      iter #   2 total cpu time :   601.6 secs   av.it.:  10.6
      thresh= 7.394E-06 alpha_mix =  0.700 |ddv_scf|^2 =  3.013E-10

      iter #   3 total cpu time :   602.5 secs   av.it.:  10.7
      thresh= 1.736E-06 alpha_mix =  0.700 |ddv_scf|^2 =  2.061E-12

      iter #   4 total cpu time :   603.4 secs   av.it.:  10.3
      thresh= 1.436E-07 alpha_mix =  0.700 |ddv_scf|^2 =  3.170E-14

     End of self-consistent calculation

     Convergence has been achieved 


     Representation #   2 modes #   3   4

     Self-consistent Calculation

      iter #   1 total cpu time :   604.1 secs   av.it.:   6.5
      thresh= 1.000E-02 alpha_mix =  0.700 |ddv_scf|^2 =  3.519E-06

      iter #   2 total cpu time :   605.0 secs   av.it.:  10.7
      thresh= 1.876E-04 alpha_mix =  0.700 |ddv_scf|^2 =  4.985E-06

      iter #   3 total cpu time :   605.8 secs   av.it.:  10.0
      thresh= 2.233E-04 alpha_mix =  0.700 |ddv_scf|^2 =  8.684E-10

      iter #   4 total cpu time :   606.8 secs   av.it.:  10.5
      thresh= 2.947E-06 alpha_mix =  0.700 |ddv_scf|^2 =  3.829E-11

      iter #   5 total cpu time :   607.7 secs   av.it.:  10.7
      thresh= 6.188E-07 alpha_mix =  0.700 |ddv_scf|^2 =  3.342E-13

     End of self-consistent calculation

     Convergence has been achieved 


     Representation #   3 modes #   5   6

     Self-consistent Calculation

      iter #   1 total cpu time :   608.4 secs   av.it.:   6.3
      thresh= 1.000E-02 alpha_mix =  0.700 |ddv_scf|^2 =  6.479E-07

      iter #   2 total cpu time :   609.3 secs   av.it.:  10.9
      thresh= 8.049E-05 alpha_mix =  0.700 |ddv_scf|^2 =  1.794E-07

      iter #   3 total cpu time :   610.3 secs   av.it.:  10.7
      thresh= 4.236E-05 alpha_mix =  0.700 |ddv_scf|^2 =  1.921E-10

      iter #   4 total cpu time :   611.2 secs   av.it.:  10.7
      thresh= 1.386E-06 alpha_mix =  0.700 |ddv_scf|^2 =  1.563E-13

     End of self-consistent calculation

     Convergence has been achieved 
 
     Number of q in the star =    3
     List of q in the star:
          1   0.000000000  -0.707106781   0.000000000
          2  -0.707106781   0.000000000   0.000000000
          3   0.000000000   0.000000000   0.707106781

     Diagonalizing the dynamical matrix

     q = (    0.000000000  -0.707106781   0.000000000 ) 

 **************************************************************************
     freq (    1) =       4.100872 [THz] =     136.790374 [cm-1]
     freq (    2) =       4.100872 [THz] =     136.790374 [cm-1]
     freq (    3) =      12.235919 [THz] =     408.146323 [cm-1]
     freq (    4) =      12.235919 [THz] =     408.146323 [cm-1]
     freq (    5) =      13.835660 [THz] =     461.507955 [cm-1]
     freq (    6) =      13.835660 [THz] =     461.507955 [cm-1]
 **************************************************************************

     Calculation of q =    0.4714045  -0.2357023   0.7071068
 
     Parallelization info
     --------------------
     sticks:   dense  smooth     PW     G-vecs:    dense   smooth      PW
     Min          41      41     16                  614      614     156
     Max          42      42     17                  618      618     159
     Sum         499     499    199                 7391     7391    1893
 
     Using Slab Decomposition
 

     Title: 
     Si                                                                         


     bravais-lattice index     =            0
     lattice parameter (alat)  =       7.2074  a.u.
     unit-cell volume          =     264.7386 (a.u.)^3
     number of atoms/cell      =            2
     number of atomic types    =            1
     number of electrons       =         8.00
     number of Kohn-Sham states=            4
     kinetic-energy cutoff     =      35.0000  Ry
     charge density cutoff     =     140.0000  Ry
     Exchange-correlation= PW
                           (   1   4   0   0   0   0   0)

     celldm(1)=   7.207380  celldm(2)=   0.000000  celldm(3)=   0.000000
     celldm(4)=   0.000000  celldm(5)=   0.000000  celldm(6)=   0.000000

     crystal axes: (cart. coord. in units of alat)
               a(1) = (  -0.707107   0.000000   0.707107 )  
               a(2) = (   0.000000   0.707107   0.707107 )  
               a(3) = (  -0.707107   0.707107   0.000000 )  

     reciprocal axes: (cart. coord. in units 2 pi/alat)
               b(1) = ( -0.707107 -0.707107  0.707107 )  
               b(2) = (  0.707107  0.707107  0.707107 )  
               b(3) = ( -0.707107  0.707107 -0.707107 )  


     PseudoPot. # 1 for Si read from file:
     ./Si.upf
     MD5 check sum: 9e2d726316af3d4752eea8ab0afbb951
     Pseudo is Norm-conserving + core correction, Zval =  4.0
     Generated using ONCVPSP code by D. R. Hamann
     Using radial grid of 1510 points,  6 beta functions with: 
                l(1) =   0
                l(2) =   0
                l(3) =   1
                l(4) =   1
                l(5) =   2
                l(6) =   2

     atomic species   valence    mass     pseudopotential
     Si                4.00    28.08600     Si( 1.00)

     48 Sym. Ops., with inversion, found



   Cartesian axes

     site n.     atom                  positions (alat units)
         1        Si     tau(   1) = (   0.0000000   0.0000000   0.0000000  )
         2        Si     tau(   2) = (  -0.3535534   0.3535534   0.3535534  )

     number of k points=  1872

     Number of k-points >= 100: set verbosity='high' to print them.

     Dense  grid:     7391 G-vectors     FFT dimensions: (  32,  32,  32)

     Estimated max dynamical RAM per process >       1.40 MB

     Estimated total dynamical RAM >      16.75 MB

     The potential is recalculated from file :
     ./tmp/_ph0/si.save/charge-density

     Starting wfcs are    8 atomic wfcs

     Band Structure Calculation
     Davidson diagonalization with overlap

     ethr =  1.25E-10,  avg # of iterations = 12.4

     total cpu time spent up to now is       49.3 secs

     End of band structure calculation

     Number of k-points >= 100: set verbosity='high' to print the bands.

     highest occupied level (ev):     6.2489

     Writing config to output data dir ./tmp/_ph0/si.save/ :
     XML data file

     Si                                                                         

     bravais-lattice index     =            0
     lattice parameter (alat)  =       7.2074  a.u.
     unit-cell volume          =     264.7386 (a.u.)^3
     number of atoms/cell      =            2
     number of atomic types    =            1
     kinetic-energy cut-off    =      35.0000  Ry
     charge density cut-off    =     140.0000  Ry
     convergence threshold     =      1.0E-12
     beta                      =       0.7000
     number of iterations used =            4
     Exchange-correlation= PW
                           (   1   4   0   0   0   0   0)


     celldm(1)=    7.20738  celldm(2)=    0.00000  celldm(3)=    0.00000
     celldm(4)=    0.00000  celldm(5)=    0.00000  celldm(6)=    0.00000

     crystal axes: (cart. coord. in units of alat)
               a(1) = ( -0.7071  0.0000  0.7071 )  
               a(2) = (  0.0000  0.7071  0.7071 )  
               a(3) = ( -0.7071  0.7071  0.0000 )  

     reciprocal axes: (cart. coord. in units 2 pi/alat)
               b(1) = ( -0.7071 -0.7071  0.7071 )  
               b(2) = (  0.7071  0.7071  0.7071 )  
               b(3) = ( -0.7071  0.7071 -0.7071 )  


     Atoms inside the unit cell: 

     Cartesian axes

     site n.  atom      mass           positions (alat units)
        1  Si     28.0860   tau(    1) = (    0.00000    0.00000    0.00000  )
        2  Si     28.0860   tau(    2) = (   -0.35355    0.35355    0.35355  )

     Computing dynamical matrix for 
                    q = (   0.4714045  -0.2357023   0.7071068 )
 
      2 Sym.Ops. (no q -> -q+G )


     G cutoff =  184.2142  (    618 G-vectors)     FFT grid: ( 32, 32, 32)
     number of k points=  1872

     PseudoPot. # 1 for Si read from file:
     ./Si.upf
     MD5 check sum: 9e2d726316af3d4752eea8ab0afbb951
     Pseudo is Norm-conserving + core correction, Zval =  4.0
     Generated using ONCVPSP code by D. R. Hamann
     Using radial grid of 1510 points,  6 beta functions with: 
                l(1) =   0
                l(2) =   0
                l(3) =   1
                l(4) =   1
                l(5) =   2
                l(6) =   2


     Atomic displacements:
     There are    6 irreducible representations

     Representation     1      1 modes -  To be done

     Representation     2      1 modes -  To be done

     Representation     3      1 modes -  To be done

     Representation     4      1 modes -  To be done

     Representation     5      1 modes -  To be done

     Representation     6      1 modes -  To be done



     Alpha used in Ewald sum =   1.5000
     PHONON       :   9m23.97s CPU  10m18.03s WALL



     Representation #   1 mode #   1

     Self-consistent Calculation

      iter #   1 total cpu time :   619.8 secs   av.it.:   6.1
      thresh= 1.000E-02 alpha_mix =  0.700 |ddv_scf|^2 =  2.821E-06

      iter #   2 total cpu time :   622.4 secs   av.it.:  10.2
      thresh= 1.680E-04 alpha_mix =  0.700 |ddv_scf|^2 =  8.688E-06

      iter #   3 total cpu time :   624.6 secs   av.it.:   8.9
      thresh= 2.948E-04 alpha_mix =  0.700 |ddv_scf|^2 =  2.406E-07

      iter #   4 total cpu time :   626.9 secs   av.it.:   9.4
      thresh= 4.905E-05 alpha_mix =  0.700 |ddv_scf|^2 =  4.576E-10

      iter #   5 total cpu time :   629.3 secs   av.it.:  10.2
      thresh= 2.139E-06 alpha_mix =  0.700 |ddv_scf|^2 =  2.789E-11

      iter #   6 total cpu time :   631.7 secs   av.it.:   9.9
      thresh= 5.281E-07 alpha_mix =  0.700 |ddv_scf|^2 =  1.492E-13

     End of self-consistent calculation

     Convergence has been achieved 


     Representation #   2 mode #   2

     Self-consistent Calculation

      iter #   1 total cpu time :   633.5 secs   av.it.:   5.8
      thresh= 1.000E-02 alpha_mix =  0.700 |ddv_scf|^2 =  5.920E-07

      iter #   2 total cpu time :   636.1 secs   av.it.:  10.4
      thresh= 7.694E-05 alpha_mix =  0.700 |ddv_scf|^2 =  3.268E-07

      iter #   3 total cpu time :   638.6 secs   av.it.:   9.8
      thresh= 5.717E-05 alpha_mix =  0.700 |ddv_scf|^2 =  3.180E-09

      iter #   4 total cpu time :   641.1 secs   av.it.:  10.1
      thresh= 5.639E-06 alpha_mix =  0.700 |ddv_scf|^2 =  2.053E-10

      iter #   5 total cpu time :   643.6 secs   av.it.:  10.1
      thresh= 1.433E-06 alpha_mix =  0.700 |ddv_scf|^2 =  1.903E-12

      iter #   6 total cpu time :   646.1 secs   av.it.:  10.2
      thresh= 1.380E-07 alpha_mix =  0.700 |ddv_scf|^2 =  4.126E-14

     End of self-consistent calculation

     Convergence has been achieved 


     Representation #   3 mode #   3

     Self-consistent Calculation

      iter #   1 total cpu time :   648.1 secs   av.it.:   6.3
      thresh= 1.000E-02 alpha_mix =  0.700 |ddv_scf|^2 =  3.862E-06

      iter #   2 total cpu time :   650.6 secs   av.it.:  10.3
      thresh= 1.965E-04 alpha_mix =  0.700 |ddv_scf|^2 =  2.587E-06

      iter #   3 total cpu time :   652.9 secs   av.it.:   9.7
      thresh= 1.608E-04 alpha_mix =  0.700 |ddv_scf|^2 =  6.153E-09

      iter #   4 total cpu time :   655.4 secs   av.it.:  10.1
      thresh= 7.844E-06 alpha_mix =  0.700 |ddv_scf|^2 =  2.691E-10

      iter #   5 total cpu time :   657.8 secs   av.it.:  10.2
      thresh= 1.640E-06 alpha_mix =  0.700 |ddv_scf|^2 =  3.869E-12

      iter #   6 total cpu time :   660.3 secs   av.it.:  10.3
      thresh= 1.967E-07 alpha_mix =  0.700 |ddv_scf|^2 =  4.414E-14

     End of self-consistent calculation

     Convergence has been achieved 


     Representation #   4 mode #   4

     Self-consistent Calculation

      iter #   1 total cpu time :   662.2 secs   av.it.:   6.7
      thresh= 1.000E-02 alpha_mix =  0.700 |ddv_scf|^2 =  9.331E-05

      iter #   2 total cpu time :   664.6 secs   av.it.:   9.9
      thresh= 9.660E-04 alpha_mix =  0.700 |ddv_scf|^2 =  4.514E-04

      iter #   3 total cpu time :   666.8 secs   av.it.:   8.7
      thresh= 2.125E-03 alpha_mix =  0.700 |ddv_scf|^2 =  8.206E-08

      iter #   4 total cpu time :   669.2 secs   av.it.:   9.8
      thresh= 2.865E-05 alpha_mix =  0.700 |ddv_scf|^2 =  1.991E-09

      iter #   5 total cpu time :   671.6 secs   av.it.:   9.7
      thresh= 4.462E-06 alpha_mix =  0.700 |ddv_scf|^2 =  1.813E-11

      iter #   6 total cpu time :   674.0 secs   av.it.:  10.0
      thresh= 4.258E-07 alpha_mix =  0.700 |ddv_scf|^2 =  4.314E-13

     End of self-consistent calculation

     Convergence has been achieved 


     Representation #   5 mode #   5

     Self-consistent Calculation

      iter #   1 total cpu time :   675.8 secs   av.it.:   6.1
      thresh= 1.000E-02 alpha_mix =  0.700 |ddv_scf|^2 =  1.712E-06

      iter #   2 total cpu time :   678.3 secs   av.it.:  10.2
      thresh= 1.308E-04 alpha_mix =  0.700 |ddv_scf|^2 =  1.574E-06

      iter #   3 total cpu time :   680.7 secs   av.it.:   9.4
      thresh= 1.255E-04 alpha_mix =  0.700 |ddv_scf|^2 =  4.274E-07

      iter #   4 total cpu time :   683.0 secs   av.it.:   8.9
      thresh= 6.537E-05 alpha_mix =  0.700 |ddv_scf|^2 =  6.605E-10

      iter #   5 total cpu time :   685.5 secs   av.it.:  10.1
      thresh= 2.570E-06 alpha_mix =  0.700 |ddv_scf|^2 =  4.177E-11

      iter #   6 total cpu time :   687.8 secs   av.it.:   9.8
      thresh= 6.463E-07 alpha_mix =  0.700 |ddv_scf|^2 =  1.141E-13

     End of self-consistent calculation

     Convergence has been achieved 


     Representation #   6 mode #   6

     Self-consistent Calculation

      iter #   1 total cpu time :   689.7 secs   av.it.:   6.2
      thresh= 1.000E-02 alpha_mix =  0.700 |ddv_scf|^2 =  1.474E-06

      iter #   2 total cpu time :   692.2 secs   av.it.:  10.4
      thresh= 1.214E-04 alpha_mix =  0.700 |ddv_scf|^2 =  5.035E-07

      iter #   3 total cpu time :   694.6 secs   av.it.:  10.0
      thresh= 7.096E-05 alpha_mix =  0.700 |ddv_scf|^2 =  1.106E-08

      iter #   4 total cpu time :   697.0 secs   av.it.:  10.0
      thresh= 1.051E-05 alpha_mix =  0.700 |ddv_scf|^2 =  2.860E-10

      iter #   5 total cpu time :   699.3 secs   av.it.:  10.2
      thresh= 1.691E-06 alpha_mix =  0.700 |ddv_scf|^2 =  2.975E-12

      iter #   6 total cpu time :   701.8 secs   av.it.:  10.3
      thresh= 1.725E-07 alpha_mix =  0.700 |ddv_scf|^2 =  2.768E-14

     End of self-consistent calculation

     Convergence has been achieved 
 
     Number of q in the star =   24
     List of q in the star:
          1   0.471404521  -0.235702260   0.707106781
          2   0.707106781   0.235702260   0.471404521
          3   0.471404521   0.235702260   0.707106781
          4  -0.707106781  -0.235702260   0.471404521
          5  -0.707106781  -0.235702260  -0.471404521
          6  -0.471404521  -0.235702260  -0.707106781
          7   0.707106781   0.235702260  -0.471404521
          8  -0.471404521   0.235702260   0.707106781
          9  -0.235702260   0.707106781   0.471404521
         10   0.235702260   0.707106781  -0.471404521
         11  -0.235702260  -0.707106781  -0.471404521
         12   0.707106781  -0.471404521   0.235702260
         13   0.707106781   0.471404521  -0.235702260
         14  -0.235702260   0.471404521  -0.707106781
         15  -0.707106781  -0.471404521  -0.235702260
         16  -0.707106781   0.471404521   0.235702260
         17   0.235702260  -0.471404521   0.707106781
         18   0.235702260  -0.707106781   0.471404521
         19   0.471404521  -0.707106781   0.235702260
         20   0.235702260   0.471404521   0.707106781
         21  -0.235702260  -0.471404521  -0.707106781
         22  -0.471404521  -0.707106781   0.235702260
         23   0.471404521   0.707106781  -0.235702260
         24  -0.471404521  -0.707106781  -0.235702260

     Diagonalizing the dynamical matrix

     q = (    0.471404521  -0.235702260   0.707106781 ) 

 **************************************************************************
     freq (    1) =       4.803969 [THz] =     160.243167 [cm-1]
     freq (    2) =       5.394944 [THz] =     179.955953 [cm-1]
     freq (    3) =       8.701136 [THz] =     290.238653 [cm-1]
     freq (    4) =      12.660012 [THz] =     422.292540 [cm-1]
     freq (    5) =      14.167776 [THz] =     472.586141 [cm-1]
     freq (    6) =      14.250689 [THz] =     475.351834 [cm-1]
 **************************************************************************

     Calculation of q =    0.3535534  -0.1178511   0.5892557
 
     Parallelization info
     --------------------
     sticks:   dense  smooth     PW     G-vecs:    dense   smooth      PW
     Min          41      41     16                  614      614     150
     Max          42      42     17                  618      618     152
     Sum         499     499    199                 7391     7391    1807
 
     Using Slab Decomposition
 

     Title: 
     Si                                                                         


     bravais-lattice index     =            0
     lattice parameter (alat)  =       7.2074  a.u.
     unit-cell volume          =     264.7386 (a.u.)^3
     number of atoms/cell      =            2
     number of atomic types    =            1
     number of electrons       =         8.00
     number of Kohn-Sham states=            4
     kinetic-energy cutoff     =      35.0000  Ry
     charge density cutoff     =     140.0000  Ry
     Exchange-correlation= PW
                           (   1   4   0   0   0   0   0)

     celldm(1)=   7.207380  celldm(2)=   0.000000  celldm(3)=   0.000000
     celldm(4)=   0.000000  celldm(5)=   0.000000  celldm(6)=   0.000000

     crystal axes: (cart. coord. in units of alat)
               a(1) = (  -0.707107   0.000000   0.707107 )  
               a(2) = (   0.000000   0.707107   0.707107 )  
               a(3) = (  -0.707107   0.707107   0.000000 )  

     reciprocal axes: (cart. coord. in units 2 pi/alat)
               b(1) = ( -0.707107 -0.707107  0.707107 )  
               b(2) = (  0.707107  0.707107  0.707107 )  
               b(3) = ( -0.707107  0.707107 -0.707107 )  


     PseudoPot. # 1 for Si read from file:
     ./Si.upf
     MD5 check sum: 9e2d726316af3d4752eea8ab0afbb951
     Pseudo is Norm-conserving + core correction, Zval =  4.0
     Generated using ONCVPSP code by D. R. Hamann
     Using radial grid of 1510 points,  6 beta functions with: 
                l(1) =   0
                l(2) =   0
                l(3) =   1
                l(4) =   1
                l(5) =   2
                l(6) =   2

     atomic species   valence    mass     pseudopotential
     Si                4.00    28.08600     Si( 1.00)

     48 Sym. Ops., with inversion, found



   Cartesian axes

     site n.     atom                  positions (alat units)
         1        Si     tau(   1) = (   0.0000000   0.0000000   0.0000000  )
         2        Si     tau(   2) = (  -0.3535534   0.3535534   0.3535534  )

     number of k points=  1752

     Number of k-points >= 100: set verbosity='high' to print them.

     Dense  grid:     7391 G-vectors     FFT dimensions: (  32,  32,  32)

     Estimated max dynamical RAM per process >       1.38 MB

     Estimated total dynamical RAM >      16.59 MB

     The potential is recalculated from file :
     ./tmp/_ph0/si.save/charge-density

     Starting wfcs are    8 atomic wfcs

     Band Structure Calculation
     Davidson diagonalization with overlap

     ethr =  1.25E-10,  avg # of iterations = 12.4

     total cpu time spent up to now is       55.4 secs

     End of band structure calculation

     Number of k-points >= 100: set verbosity='high' to print the bands.

     highest occupied level (ev):     6.2489

     Writing config to output data dir ./tmp/_ph0/si.save/ :
     XML data file

     Si                                                                         

     bravais-lattice index     =            0
     lattice parameter (alat)  =       7.2074  a.u.
     unit-cell volume          =     264.7386 (a.u.)^3
     number of atoms/cell      =            2
     number of atomic types    =            1
     kinetic-energy cut-off    =      35.0000  Ry
     charge density cut-off    =     140.0000  Ry
     convergence threshold     =      1.0E-12
     beta                      =       0.7000
     number of iterations used =            4
     Exchange-correlation= PW
                           (   1   4   0   0   0   0   0)


     celldm(1)=    7.20738  celldm(2)=    0.00000  celldm(3)=    0.00000
     celldm(4)=    0.00000  celldm(5)=    0.00000  celldm(6)=    0.00000

     crystal axes: (cart. coord. in units of alat)
               a(1) = ( -0.7071  0.0000  0.7071 )  
               a(2) = (  0.0000  0.7071  0.7071 )  
               a(3) = ( -0.7071  0.7071  0.0000 )  

     reciprocal axes: (cart. coord. in units 2 pi/alat)
               b(1) = ( -0.7071 -0.7071  0.7071 )  
               b(2) = (  0.7071  0.7071  0.7071 )  
               b(3) = ( -0.7071  0.7071 -0.7071 )  


     Atoms inside the unit cell: 

     Cartesian axes

     site n.  atom      mass           positions (alat units)
        1  Si     28.0860   tau(    1) = (    0.00000    0.00000    0.00000  )
        2  Si     28.0860   tau(    2) = (   -0.35355    0.35355    0.35355  )

     Computing dynamical matrix for 
                    q = (   0.3535534  -0.1178511   0.5892557 )
 
      2 Sym.Ops. (no q -> -q+G )


     G cutoff =  184.2142  (    618 G-vectors)     FFT grid: ( 32, 32, 32)
     number of k points=  1752

     PseudoPot. # 1 for Si read from file:
     ./Si.upf
     MD5 check sum: 9e2d726316af3d4752eea8ab0afbb951
     Pseudo is Norm-conserving + core correction, Zval =  4.0
     Generated using ONCVPSP code by D. R. Hamann
     Using radial grid of 1510 points,  6 beta functions with: 
                l(1) =   0
                l(2) =   0
                l(3) =   1
                l(4) =   1
                l(5) =   2
                l(6) =   2


     Atomic displacements:
     There are    6 irreducible representations

     Representation     1      1 modes -  To be done

     Representation     2      1 modes -  To be done

     Representation     3      1 modes -  To be done

     Representation     4      1 modes -  To be done

     Representation     5      1 modes -  To be done

     Representation     6      1 modes -  To be done



     Alpha used in Ewald sum =   1.5000
     PHONON       :  10m46.29s CPU  11m48.19s WALL



     Representation #   1 mode #   1

     Self-consistent Calculation

      iter #   1 total cpu time :   709.9 secs   av.it.:   6.0
      thresh= 1.000E-02 alpha_mix =  0.700 |ddv_scf|^2 =  3.086E-06

      iter #   2 total cpu time :   712.3 secs   av.it.:  10.3
      thresh= 1.757E-04 alpha_mix =  0.700 |ddv_scf|^2 =  4.998E-06

      iter #   3 total cpu time :   714.5 secs   av.it.:   9.4
      thresh= 2.236E-04 alpha_mix =  0.700 |ddv_scf|^2 =  1.131E-08

      iter #   4 total cpu time :   716.9 secs   av.it.:  10.1
      thresh= 1.063E-05 alpha_mix =  0.700 |ddv_scf|^2 =  3.543E-10

      iter #   5 total cpu time :   719.2 secs   av.it.:  10.3
      thresh= 1.882E-06 alpha_mix =  0.700 |ddv_scf|^2 =  3.505E-12

      iter #   6 total cpu time :   721.6 secs   av.it.:  10.2
      thresh= 1.872E-07 alpha_mix =  0.700 |ddv_scf|^2 =  5.976E-14

     End of self-consistent calculation

     Convergence has been achieved 


     Representation #   2 mode #   2

     Self-consistent Calculation

      iter #   1 total cpu time :   723.5 secs   av.it.:   6.5
      thresh= 1.000E-02 alpha_mix =  0.700 |ddv_scf|^2 =  1.189E-05

      iter #   2 total cpu time :   725.8 secs   av.it.:  10.3
      thresh= 3.447E-04 alpha_mix =  0.700 |ddv_scf|^2 =  1.896E-05

      iter #   3 total cpu time :   728.0 secs   av.it.:   9.5
      thresh= 4.355E-04 alpha_mix =  0.700 |ddv_scf|^2 =  3.666E-08

      iter #   4 total cpu time :   730.2 secs   av.it.:   9.9
      thresh= 1.915E-05 alpha_mix =  0.700 |ddv_scf|^2 =  6.547E-10

      iter #   5 total cpu time :   732.6 secs   av.it.:  10.2
      thresh= 2.559E-06 alpha_mix =  0.700 |ddv_scf|^2 =  3.626E-12

      iter #   6 total cpu time :   734.9 secs   av.it.:  10.3
      thresh= 1.904E-07 alpha_mix =  0.700 |ddv_scf|^2 =  1.041E-13

     End of self-consistent calculation

     Convergence has been achieved 


     Representation #   3 mode #   3

     Self-consistent Calculation

      iter #   1 total cpu time :   736.8 secs   av.it.:   6.3
      thresh= 1.000E-02 alpha_mix =  0.700 |ddv_scf|^2 =  7.232E-06

      iter #   2 total cpu time :   739.2 secs   av.it.:  10.3
      thresh= 2.689E-04 alpha_mix =  0.700 |ddv_scf|^2 =  1.189E-05

      iter #   3 total cpu time :   741.4 secs   av.it.:   9.5
      thresh= 3.448E-04 alpha_mix =  0.700 |ddv_scf|^2 =  1.526E-08

      iter #   4 total cpu time :   743.7 secs   av.it.:  10.1
      thresh= 1.235E-05 alpha_mix =  0.700 |ddv_scf|^2 =  7.609E-10

      iter #   5 total cpu time :   746.0 secs   av.it.:  10.2
      thresh= 2.758E-06 alpha_mix =  0.700 |ddv_scf|^2 =  9.384E-12

      iter #   6 total cpu time :   748.4 secs   av.it.:  10.4
      thresh= 3.063E-07 alpha_mix =  0.700 |ddv_scf|^2 =  1.459E-13

     End of self-consistent calculation

     Convergence has been achieved 


     Representation #   4 mode #   4

     Self-consistent Calculation

      iter #   1 total cpu time :   750.2 secs   av.it.:   6.3
      thresh= 1.000E-02 alpha_mix =  0.700 |ddv_scf|^2 =  7.410E-06

      iter #   2 total cpu time :   752.6 secs   av.it.:  10.3
      thresh= 2.722E-04 alpha_mix =  0.700 |ddv_scf|^2 =  1.234E-05

      iter #   3 total cpu time :   754.7 secs   av.it.:   9.4
      thresh= 3.513E-04 alpha_mix =  0.700 |ddv_scf|^2 =  1.847E-08

      iter #   4 total cpu time :   756.9 secs   av.it.:  10.0
      thresh= 1.359E-05 alpha_mix =  0.700 |ddv_scf|^2 =  3.576E-10

      iter #   5 total cpu time :   759.3 secs   av.it.:  10.3
      thresh= 1.891E-06 alpha_mix =  0.700 |ddv_scf|^2 =  4.744E-12

      iter #   6 total cpu time :   761.6 secs   av.it.:  10.2
      thresh= 2.178E-07 alpha_mix =  0.700 |ddv_scf|^2 =  5.774E-14

     End of self-consistent calculation

     Convergence has been achieved 


     Representation #   5 mode #   5

     Self-consistent Calculation

      iter #   1 total cpu time :   763.5 secs   av.it.:   6.6
      thresh= 1.000E-02 alpha_mix =  0.700 |ddv_scf|^2 =  8.299E-06

      iter #   2 total cpu time :   765.8 secs   av.it.:  10.5
      thresh= 2.881E-04 alpha_mix =  0.700 |ddv_scf|^2 =  1.052E-05

      iter #   3 total cpu time :   768.0 secs   av.it.:   9.7
      thresh= 3.244E-04 alpha_mix =  0.700 |ddv_scf|^2 =  1.205E-07

      iter #   4 total cpu time :   770.4 secs   av.it.:   9.8
      thresh= 3.472E-05 alpha_mix =  0.700 |ddv_scf|^2 =  6.068E-10

      iter #   5 total cpu time :   772.8 secs   av.it.:  10.2
      thresh= 2.463E-06 alpha_mix =  0.700 |ddv_scf|^2 =  1.543E-11

      iter #   6 total cpu time :   775.3 secs   av.it.:  10.4
      thresh= 3.929E-07 alpha_mix =  0.700 |ddv_scf|^2 =  9.092E-14

     End of self-consistent calculation

     Convergence has been achieved 


     Representation #   6 mode #   6

     Self-consistent Calculation

      iter #   1 total cpu time :   777.1 secs   av.it.:   6.3
      thresh= 1.000E-02 alpha_mix =  0.700 |ddv_scf|^2 =  3.899E-06

      iter #   2 total cpu time :   779.5 secs   av.it.:  10.4
      thresh= 1.975E-04 alpha_mix =  0.700 |ddv_scf|^2 =  4.275E-06

      iter #   3 total cpu time :   781.8 secs   av.it.:   9.6
      thresh= 2.068E-04 alpha_mix =  0.700 |ddv_scf|^2 =  1.048E-07

      iter #   4 total cpu time :   784.1 secs   av.it.:   9.7
      thresh= 3.238E-05 alpha_mix =  0.700 |ddv_scf|^2 =  3.416E-10

      iter #   5 total cpu time :   786.4 secs   av.it.:  10.1
      thresh= 1.848E-06 alpha_mix =  0.700 |ddv_scf|^2 =  6.436E-12

      iter #   6 total cpu time :   788.8 secs   av.it.:  10.2
      thresh= 2.537E-07 alpha_mix =  0.700 |ddv_scf|^2 =  3.040E-14

     End of self-consistent calculation

     Convergence has been achieved 
 
     Number of q in the star =   24
     List of q in the star:
          1   0.353553391  -0.117851130   0.589255651
          2   0.589255651   0.117851130   0.353553391
          3   0.353553391   0.117851130   0.589255651
          4  -0.589255651  -0.117851130   0.353553391
          5  -0.589255651  -0.117851130  -0.353553391
          6  -0.353553391  -0.117851130  -0.589255651
          7   0.589255651  -0.117851130   0.353553391
          8  -0.353553391  -0.117851130   0.589255651
          9  -0.589255651   0.117851130   0.353553391
         10   0.589255651   0.117851130  -0.353553391
         11   0.589255651  -0.117851130  -0.353553391
         12   0.353553391   0.117851130  -0.589255651
         13  -0.353553391   0.117851130   0.589255651
         14  -0.353553391   0.117851130  -0.589255651
         15  -0.589255651   0.117851130  -0.353553391
         16   0.589255651  -0.353553391   0.117851130
         17   0.589255651   0.353553391  -0.117851130
         18  -0.589255651  -0.353553391  -0.117851130
         19  -0.589255651   0.353553391   0.117851130
         20   0.117851130  -0.353553391   0.589255651
         21  -0.117851130   0.353553391   0.589255651
         22   0.117851130   0.353553391  -0.589255651
         23  -0.117851130  -0.353553391  -0.589255651
         24  -0.353553391   0.589255651   0.117851130

     Diagonalizing the dynamical matrix

     q = (    0.353553391  -0.117851130   0.589255651 ) 

 **************************************************************************
     freq (    1) =       5.050699 [THz] =     168.473184 [cm-1]
     freq (    2) =       6.066907 [THz] =     202.370232 [cm-1]
     freq (    3) =       9.804100 [THz] =     327.029591 [cm-1]
     freq (    4) =      11.442894 [THz] =     381.693864 [cm-1]
     freq (    5) =      14.027416 [THz] =     467.904224 [cm-1]
     freq (    6) =      14.255436 [THz] =     475.510157 [cm-1]
 **************************************************************************

     Calculation of q =   -0.2357023  -0.7071068   0.0000000
 
     Parallelization info
     --------------------
     sticks:   dense  smooth     PW     G-vecs:    dense   smooth      PW
     Min          41      41     16                  614      614     150
     Max          42      42     17                  618      618     152
     Sum         499     499    199                 7391     7391    1807
 
     Using Slab Decomposition
 

     Title: 
     Si                                                                         


     bravais-lattice index     =            0
     lattice parameter (alat)  =       7.2074  a.u.
     unit-cell volume          =     264.7386 (a.u.)^3
     number of atoms/cell      =            2
     number of atomic types    =            1
     number of electrons       =         8.00
     number of Kohn-Sham states=            4
     kinetic-energy cutoff     =      35.0000  Ry
     charge density cutoff     =     140.0000  Ry
     Exchange-correlation= PW
                           (   1   4   0   0   0   0   0)

     celldm(1)=   7.207380  celldm(2)=   0.000000  celldm(3)=   0.000000
     celldm(4)=   0.000000  celldm(5)=   0.000000  celldm(6)=   0.000000

     crystal axes: (cart. coord. in units of alat)
               a(1) = (  -0.707107   0.000000   0.707107 )  
               a(2) = (   0.000000   0.707107   0.707107 )  
               a(3) = (  -0.707107   0.707107   0.000000 )  

     reciprocal axes: (cart. coord. in units 2 pi/alat)
               b(1) = ( -0.707107 -0.707107  0.707107 )  
               b(2) = (  0.707107  0.707107  0.707107 )  
               b(3) = ( -0.707107  0.707107 -0.707107 )  


     PseudoPot. # 1 for Si read from file:
     ./Si.upf
     MD5 check sum: 9e2d726316af3d4752eea8ab0afbb951
     Pseudo is Norm-conserving + core correction, Zval =  4.0
     Generated using ONCVPSP code by D. R. Hamann
     Using radial grid of 1510 points,  6 beta functions with: 
                l(1) =   0
                l(2) =   0
                l(3) =   1
                l(4) =   1
                l(5) =   2
                l(6) =   2

     atomic species   valence    mass     pseudopotential
     Si                4.00    28.08600     Si( 1.00)

     48 Sym. Ops., with inversion, found



   Cartesian axes

     site n.     atom                  positions (alat units)
         1        Si     tau(   1) = (   0.0000000   0.0000000   0.0000000  )
         2        Si     tau(   2) = (  -0.3535534   0.3535534   0.3535534  )

     number of k points=  1020

     Number of k-points >= 100: set verbosity='high' to print them.

     Dense  grid:     7391 G-vectors     FFT dimensions: (  32,  32,  32)

     Estimated max dynamical RAM per process >       1.39 MB

     Estimated total dynamical RAM >      16.64 MB

     The potential is recalculated from file :
     ./tmp/_ph0/si.save/charge-density

     Starting wfcs are    8 atomic wfcs

     Band Structure Calculation
     Davidson diagonalization with overlap

     ethr =  1.25E-10,  avg # of iterations = 12.4

     total cpu time spent up to now is       58.9 secs

     End of band structure calculation

     Number of k-points >= 100: set verbosity='high' to print the bands.

     highest occupied level (ev):     6.2489

     Writing config to output data dir ./tmp/_ph0/si.save/ :
     XML data file

     Si                                                                         

     bravais-lattice index     =            0
     lattice parameter (alat)  =       7.2074  a.u.
     unit-cell volume          =     264.7386 (a.u.)^3
     number of atoms/cell      =            2
     number of atomic types    =            1
     kinetic-energy cut-off    =      35.0000  Ry
     charge density cut-off    =     140.0000  Ry
     convergence threshold     =      1.0E-12
     beta                      =       0.7000
     number of iterations used =            4
     Exchange-correlation= PW
                           (   1   4   0   0   0   0   0)


     celldm(1)=    7.20738  celldm(2)=    0.00000  celldm(3)=    0.00000
     celldm(4)=    0.00000  celldm(5)=    0.00000  celldm(6)=    0.00000

     crystal axes: (cart. coord. in units of alat)
               a(1) = ( -0.7071  0.0000  0.7071 )  
               a(2) = (  0.0000  0.7071  0.7071 )  
               a(3) = ( -0.7071  0.7071  0.0000 )  

     reciprocal axes: (cart. coord. in units 2 pi/alat)
               b(1) = ( -0.7071 -0.7071  0.7071 )  
               b(2) = (  0.7071  0.7071  0.7071 )  
               b(3) = ( -0.7071  0.7071 -0.7071 )  


     Atoms inside the unit cell: 

     Cartesian axes

     site n.  atom      mass           positions (alat units)
        1  Si     28.0860   tau(    1) = (    0.00000    0.00000    0.00000  )
        2  Si     28.0860   tau(    2) = (   -0.35355    0.35355    0.35355  )

     Computing dynamical matrix for 
                    q = (  -0.2357023  -0.7071068   0.0000000 )
 
      4 Sym.Ops. (no q -> -q+G )


     G cutoff =  184.2142  (    618 G-vectors)     FFT grid: ( 32, 32, 32)
     number of k points=  1020

     PseudoPot. # 1 for Si read from file:
     ./Si.upf
     MD5 check sum: 9e2d726316af3d4752eea8ab0afbb951
     Pseudo is Norm-conserving + core correction, Zval =  4.0
     Generated using ONCVPSP code by D. R. Hamann
     Using radial grid of 1510 points,  6 beta functions with: 
                l(1) =   0
                l(2) =   0
                l(3) =   1
                l(4) =   1
                l(5) =   2
                l(6) =   2


     Atomic displacements:
     There are    3 irreducible representations

     Representation     1      2 modes -  To be done

     Representation     2      2 modes -  To be done

     Representation     3      2 modes -  To be done



     Alpha used in Ewald sum =   1.5000
     PHONON       :  12m 3.56s CPU  13m12.39s WALL



     Representation #   1 modes #   1   2

     Self-consistent Calculation

      iter #   1 total cpu time :   794.4 secs   av.it.:   6.2
      thresh= 1.000E-02 alpha_mix =  0.700 |ddv_scf|^2 =  7.777E-07

      iter #   2 total cpu time :   797.3 secs   av.it.:  11.1
      thresh= 8.819E-05 alpha_mix =  0.700 |ddv_scf|^2 =  8.677E-07

      iter #   3 total cpu time :   800.0 secs   av.it.:  10.4
      thresh= 9.315E-05 alpha_mix =  0.700 |ddv_scf|^2 =  7.065E-09

      iter #   4 total cpu time :   802.8 secs   av.it.:  10.6
      thresh= 8.405E-06 alpha_mix =  0.700 |ddv_scf|^2 =  1.432E-10

      iter #   5 total cpu time :   805.6 secs   av.it.:  10.8
      thresh= 1.197E-06 alpha_mix =  0.700 |ddv_scf|^2 =  1.653E-12

      iter #   6 total cpu time :   808.5 secs   av.it.:  11.0
      thresh= 1.286E-07 alpha_mix =  0.700 |ddv_scf|^2 =  3.321E-14

     End of self-consistent calculation

     Convergence has been achieved 


     Representation #   2 modes #   3   4

     Self-consistent Calculation

      iter #   1 total cpu time :   810.4 secs   av.it.:   6.4
      thresh= 1.000E-02 alpha_mix =  0.700 |ddv_scf|^2 =  1.410E-06

      iter #   2 total cpu time :   813.3 secs   av.it.:  11.1
      thresh= 1.187E-04 alpha_mix =  0.700 |ddv_scf|^2 =  1.582E-06

      iter #   3 total cpu time :   816.1 secs   av.it.:  10.4
      thresh= 1.258E-04 alpha_mix =  0.700 |ddv_scf|^2 =  1.367E-08

      iter #   4 total cpu time :   819.0 secs   av.it.:  10.6
      thresh= 1.169E-05 alpha_mix =  0.700 |ddv_scf|^2 =  1.426E-10

      iter #   5 total cpu time :   821.9 secs   av.it.:  10.8
      thresh= 1.194E-06 alpha_mix =  0.700 |ddv_scf|^2 =  3.243E-12

      iter #   6 total cpu time :   824.8 secs   av.it.:  11.0
      thresh= 1.801E-07 alpha_mix =  0.700 |ddv_scf|^2 =  2.575E-14

     End of self-consistent calculation

     Convergence has been achieved 


     Representation #   3 modes #   5   6

     Self-consistent Calculation

      iter #   1 total cpu time :   826.9 secs   av.it.:   6.4
      thresh= 1.000E-02 alpha_mix =  0.700 |ddv_scf|^2 =  1.867E-06

      iter #   2 total cpu time :   829.8 secs   av.it.:  11.0
      thresh= 1.366E-04 alpha_mix =  0.700 |ddv_scf|^2 =  2.048E-06

      iter #   3 total cpu time :   832.6 secs   av.it.:  10.3
      thresh= 1.431E-04 alpha_mix =  0.700 |ddv_scf|^2 =  1.657E-08

      iter #   4 total cpu time :   835.4 secs   av.it.:  10.5
      thresh= 1.287E-05 alpha_mix =  0.700 |ddv_scf|^2 =  1.118E-10

      iter #   5 total cpu time :   838.2 secs   av.it.:  10.8
      thresh= 1.057E-06 alpha_mix =  0.700 |ddv_scf|^2 =  1.070E-12

      iter #   6 total cpu time :   841.0 secs   av.it.:  10.9
      thresh= 1.035E-07 alpha_mix =  0.700 |ddv_scf|^2 =  1.887E-14

     End of self-consistent calculation

     Convergence has been achieved 
 
     Number of q in the star =   12
     List of q in the star:
          1  -0.235702260  -0.707106781   0.000000000
          2  -0.000000000  -0.707106781  -0.235702260
          3  -0.000000000  -0.707106781   0.235702260
          4   0.235702260  -0.707106781   0.000000000
          5  -0.707106781   0.000000000  -0.235702260
          6   0.707106781   0.000000000   0.235702260
          7   0.000000000   0.235702260   0.707106781
          8  -0.000000000  -0.235702260  -0.707106781
          9  -0.707106781  -0.235702260  -0.000000000
         10   0.707106781   0.235702260   0.000000000
         11  -0.235702260  -0.000000000   0.707106781
         12   0.235702260  -0.000000000   0.707106781

     Diagonalizing the dynamical matrix

     q = (   -0.235702260  -0.707106781   0.000000000 ) 

 **************************************************************************
     freq (    1) =       5.494565 [THz] =     183.278958 [cm-1]
     freq (    2) =       5.494565 [THz] =     183.278958 [cm-1]
     freq (    3) =      10.955016 [THz] =     365.419995 [cm-1]
     freq (    4) =      10.955016 [THz] =     365.419995 [cm-1]
     freq (    5) =      13.988799 [THz] =     466.616120 [cm-1]
     freq (    6) =      13.988799 [THz] =     466.616120 [cm-1]
 **************************************************************************
 
     init_run     :      0.10s CPU      0.11s WALL (      15 calls)
     electrons    :     54.21s CPU     58.39s WALL (      15 calls)

     Called by init_run:
     wfcinit      :      0.00s CPU      0.00s WALL (      15 calls)
     potinit      :      0.01s CPU      0.01s WALL (      15 calls)
     hinit0       :      0.01s CPU      0.01s WALL (      15 calls)

     Called by electrons:
     c_bands      :     54.21s CPU     58.39s WALL (      15 calls)
     v_of_rho     :      0.00s CPU      0.00s WALL (      16 calls)

     Called by c_bands:
     init_us_2    :      5.19s CPU      5.69s WALL (  427824 calls)
     cegterg      :     46.34s CPU     49.79s WALL (   17508 calls)

     Called by *egterg:
     cdiaghg      :      5.72s CPU      6.15s WALL (  236046 calls)
     h_psi        :    540.82s CPU    592.00s WALL ( 3747328 calls)
     g_psi        :      0.23s CPU      0.24s WALL (  218538 calls)

     Called by h_psi:
     h_psi:calbec :     45.62s CPU     49.88s WALL ( 3747328 calls)
     vloc_psi     :    469.73s CPU    514.29s WALL ( 3747328 calls)
     add_vuspsi   :     14.50s CPU     15.97s WALL ( 3747328 calls)

     General routines
     calbec       :     45.33s CPU     49.63s WALL ( 4047628 calls)
     fft          :      0.18s CPU      0.24s WALL (    3825 calls)
     ffts         :      1.55s CPU      1.68s WALL (   53844 calls)
     fftw         :    496.18s CPU    543.45s WALL (32112416 calls)
     davcio       :      6.97s CPU      7.74s WALL ( 1712114 calls)
 
     Parallel routines
 
     PHONON       :  12m48.12s CPU  14m 1.08s WALL

     INITIALIZATION: 
     phq_setup    :      0.02s CPU      0.03s WALL (      16 calls)
     phq_init     :      1.90s CPU      2.02s WALL (      16 calls)
 
     phq_init     :      1.90s CPU      2.02s WALL (      16 calls)
     set_drhoc    :      0.00s CPU      0.00s WALL (      48 calls)
     init_vloc    :      0.01s CPU      0.01s WALL (      16 calls)
     init_us_1    :      0.00s CPU      0.00s WALL (      16 calls)
     init_us_2    :      5.19s CPU      5.69s WALL (  427824 calls)
 
     DYNAMICAL MATRIX:
     dynmat0      :      1.42s CPU      1.48s WALL (      16 calls)
     dynmat_us    :      1.41s CPU      1.47s WALL (      16 calls)
     d2ionq       :      0.00s CPU      0.00s WALL (      16 calls)
     dynmatcc     :      0.00s CPU      0.00s WALL (      16 calls)
     phqscf       :    707.53s CPU    775.65s WALL (      16 calls)
     dynmatrix    :      0.01s CPU      0.01s WALL (      16 calls)
 
     phqscf       :    707.53s CPU    775.65s WALL (      16 calls)
     solve_linter :    704.12s CPU    772.02s WALL (      76 calls)
     sth_kernel   :    689.93s CPU    756.74s WALL (     454 calls)
     h_prec       :      1.88s CPU      2.07s WALL (  297170 calls)
     apply_dpot_b :     41.56s CPU     45.85s WALL (  269287 calls)
     ortho        :      3.41s CPU      3.76s WALL (  322675 calls)
     cgsolve      :    582.28s CPU    638.14s WALL (  322675 calls)
     incdrhoscf   :     49.91s CPU     54.88s WALL (  322459 calls)
                                        0.00s GPU  (  322459 calls)
     dv_of_drho   :      0.06s CPU      0.07s WALL (     552 calls)
     mix_pot      :      0.11s CPU      0.15s WALL (     454 calls)
     drhodv       :      3.38s CPU      3.59s WALL (      76 calls)
     psymdvscf    :      2.31s CPU      2.37s WALL (     454 calls)
     com_dvloc    :      1.92s CPU      2.08s WALL (   53844 calls)
                                        0.00s GPU  (   53844 calls)
     addcore      :      0.13s CPU      0.17s WALL (    1641 calls)
                                        0.00s GPU  (    1641 calls)
 
     dvqpsi_us    :     13.52s CPU     14.63s WALL (   53388 calls)
                                        0.00s GPU  (   53388 calls)
     dvqpsi_us_on :      3.66s CPU      3.94s WALL (   53388 calls)
 
     add_vuspsi   :     14.50s CPU     15.97s WALL ( 3747328 calls)
 
 
      General routines
     calbec       :     45.33s CPU     49.63s WALL ( 4047628 calls)
     fft          :      0.18s CPU      0.24s WALL (    3825 calls)
     ffts         :      1.55s CPU      1.68s WALL (   53844 calls)
     fftw         :    496.18s CPU    543.45s WALL (32112416 calls)
     davcio       :      6.97s CPU      7.74s WALL ( 1712114 calls)
     write_rec    :      0.09s CPU      0.15s WALL (     530 calls)
 
      Additional routines
     ch_psi       :    548.55s CPU    601.14s WALL ( 3493774 calls)
     last         :     34.93s CPU     38.31s WALL ( 3493774 calls)
     Hesh         :      2.14s CPU      2.36s WALL ( 3493774 calls)
     ch_psi_all_k :     27.74s CPU     30.42s WALL ( 3493774 calls)
                                        0.00s GPU  ( 3493774 calls)
     h_psi_bgrp   :    543.99s CPU    595.44s WALL ( 3747328 calls)
     h_psi        :    540.82s CPU    592.00s WALL ( 3747328 calls)
     h_psi:pot    :    536.63s CPU    587.40s WALL ( 3747328 calls)
     h_psi:calbec :     45.62s CPU     49.88s WALL ( 3747328 calls)
     s_psi_bgrp   :      3.36s CPU      3.61s WALL ( 7310223 calls)
 
 
     PHONON       :  12m48.12s CPU  14m 1.08s WALL

 
   This run was terminated on:  13:13:12   1May2026            

=------------------------------------------------------------------------------=
   JOB DONE.
=------------------------------------------------------------------------------=
